Number,Name,Type 1,Type 2,Abilities,HP,Att,Def,Spa,Spd,Spe,BST,Generation,Experience type,Experience to level 100,Final Evolution,Catch Rate,Legendary,Mega Evolution,Height,Weight,BMI
1,Bulbasaur,Grass,Poison,"['Chlorophyll', 'Overgrow']",45,49,49,65,65,45,318,1,Medium Slow,1059860,0,45,0,0,0.7,6.9,14.1
2,Ivysaur,Grass,Poison,"['Chlorophyll', 'Overgrow']",60,62,63,80,80,60,405,1,Medium Slow,1059860,0,45,0,0,1,13,13
3,Venusaur,Grass,Poison,"['Chlorophyll', 'Overgrow']",80,82,83,100,100,80,525,1,Medium Slow,1059860,1,45,0,0,2,100,25
3,Mega Venusaur,Grass,Poison,['Thick Fat'],80,100,123,122,120,80,625,6,Medium Slow,1059860,1,45,0,1,2.4,155.5,27
4,Charmander,Fire,,"['Blaze', 'Solar Power']",39,52,43,60,50,65,309,1,Medium Slow,1059860,0,45,0,0,0.6,8.5,23.6
5,Charmeleon,Fire,,"['Blaze', 'Solar Power']",58,64,58,80,65,80,405,1,Medium Slow,1059860,0,45,0,0,1.1,19,15.7
6,Charizard,Fire,Flying,"['Blaze', 'Solar Power']",78,84,78,109,85,100,534,1,Medium Slow,1059860,1,45,0,0,1.7,90.5,31.3
6,Mega Charizard Y,Fire,Flying,['Drought'],78,104,78,159,115,100,634,6,Medium Slow,1059860,1,45,0,1,1.7,100.5,34.8
6,Mega Charizard X,Fire,Dragon,['Tough Claws'],78,130,111,130,85,100,634,6,Medium Slow,1059860,1,45,0,1,1.7,110.5,38.2
7,Squirtle,Water,,"['Rain Dish', 'Torrent']",44,48,65,50,64,43,314,1,Medium Slow,1059860,0,45,0,0,0.5,9,36
8,Wartortle,Water,,"['Rain Dish', 'Torrent']",59,63,80,65,80,58,405,1,Medium Slow,1059860,0,45,0,0,1,22.5,22.5
9,Blastoise,Water,,"['Rain Dish', 'Torrent']",79,83,100,85,105,78,530,1,Medium Slow,1059860,1,45,0,0,1.6,85.5,33.4
9,Mega Blastoise,Water,,['Mega Launcher'],79,103,120,135,115,78,630,6,Medium Slow,1059860,1,45,0,1,1.6,101.1,39.5
10,Caterpie,Bug,,"['Run Away', 'Shield Dust']",45,30,35,20,20,45,195,1,Medium Fast,1000000,0,255,0,0,0.3,2.9,32.2
11,Metapod,Bug,,['Shed Skin'],50,20,55,25,25,30,205,1,Medium Fast,1000000,0,120,0,0,0.7,9.9,20.2
12,Butterfree,Bug,Flying,['Tinted Lens'],60,45,50,90,80,70,395,1,Medium Fast,1000000,1,45,0,0,1.1,32,26.4
13,Weedle,Bug,Poison,"['Run Away', 'Shield Dust']",40,35,30,20,20,50,195,1,Medium Fast,1000000,0,255,0,0,0.3,3.2,35.6
14,Kakuna,Bug,Poison,['Shed Skin'],45,25,50,25,25,35,205,1,Medium Fast,1000000,0,120,0,0,0.6,10,27.8
15,Beedrill,Bug,Poison,"['Sniper', 'Swarm']",65,90,40,45,80,75,395,1,Medium Fast,1000000,1,45,0,0,1,29.5,29.5
15,Mega Beedrill,Bug,Poison,['Adaptability'],65,150,40,15,80,145,495,6,Medium Fast,1000000,1,45,0,1,1.4,40.5,20.7
16,Pidgey,Normal,Flying,"['Big Pecks', 'Keen Eye', 'Tangled Feet']",40,45,40,35,35,56,251,1,Medium Slow,1059860,0,255,0,0,0.3,1.8,20
17,Pidgeotto,Normal,Flying,"['Big Pecks', 'Keen Eye', 'Tangled Feet']",63,60,55,50,50,71,349,1,Medium Slow,1059860,0,120,0,0,1.1,30,24.8
18,Pidgeot,Normal,Flying,"['Big Pecks', 'Keen Eye', 'Tangled Feet']",83,80,75,70,70,101,479,1,Medium Slow,1059860,1,45,0,0,1.5,39.5,17.6
18,Mega Pidgeot,Normal,Flying,['No Guard'],83,80,80,135,80,121,579,6,Medium Slow,1059860,1,45,0,1,2.2,50.5,10.4
19,Rattata,Normal,,"['Guts', 'Hustle', 'Run Away']",30,56,35,25,35,72,253,1,Medium Fast,1000000,0,255,0,0,0.3,3.5,38.9
19,Alolan Rattata,Dark,Normal,"['Gluttony', 'Hustle', 'Thick Fat']",30,56,35,25,35,72,253,7,Medium Fast,1000000,0,255,0,0,0.3,3.8,42.2
20,Raticate,Normal,,"['Guts', 'Hustle', 'Run Away']",55,81,60,50,70,97,413,1,Medium Fast,1000000,1,127,0,0,0.7,18.5,37.8
20,Alolan Raticate,Dark,Normal,"['Gluttony', 'Hustle', 'Thick Fat']",75,71,70,40,80,77,413,7,Medium Fast,1000000,1,127,0,0,0.7,25.5,52
21,Spearow,Normal,Flying,"['Keen Eye', 'Sniper']",40,60,30,31,31,70,262,1,Medium Fast,1000000,0,255,0,0,0.3,2,22.2
22,Fearow,Normal,Flying,"['Keen Eye', 'Sniper']",65,90,65,61,61,100,442,1,Medium Fast,1000000,1,90,0,0,1.2,38,26.4
23,Ekans,Poison,,"['Intimidate', 'Shed Skin', 'Unnerve']",35,60,44,40,54,55,288,1,Medium Fast,1000000,0,255,0,0,2,6.9,1.7
24,Arbok,Poison,,"['Intimidate', 'Shed Skin', 'Unnerve']",60,95,69,65,79,80,448,1,Medium Fast,1000000,1,90,0,0,3.5,65,5.3
25,Pikachu,Electric,,"['Lightning Rod', 'Static']",35,55,40,50,50,90,320,1,Medium Fast,1000000,0,190,0,0,0.4,6,37.5
26,Raichu,Electric,,"['Lightning Rod', 'Static']",60,90,55,90,80,110,485,1,Medium Fast,1000000,1,75,0,0,0.8,30,46.9
26,Alolan Raichu,Electric,Psychic,['Surge Surfer'],60,85,50,95,85,110,485,7,Medium Fast,1000000,1,75,0,0,0.7,21,42.9
27,Sandshrew,Ground,,"['Sand Rush', 'Sand Veil']",50,75,85,20,30,40,300,1,Medium Fast,1000000,0,255,0,0,0.6,12,33.3
27,Alolan Sandshrew,Ice,Steel,"['Slush Rush', 'Snow Cloak']",50,75,90,10,35,40,300,7,Medium Fast,1000000,0,255,0,0,0.7,40,81.6
28,Sandslash,Ground,,"['Sand Rush', 'Sand Veil']",75,100,110,45,55,65,450,1,Medium Fast,1000000,1,90,0,0,1,29.5,29.5
28,Alolan Sandslash,Ice,Steel,"['Slush Rush', 'Snow Cloak']",75,100,120,25,65,65,450,7,Medium Fast,1000000,1,90,0,0,1.2,55,38.2
29,Nidoranéˆ¾â‚¬,Poison,,"['Hustle', 'Poison Point', 'Rivalry']",55,47,52,40,40,41,275,1,Medium Slow,1059860,0,235,0,0,0.4,7,43.8
30,Nidorina,Poison,,"['Hustle', 'Poison Point', 'Rivalry']",70,62,67,55,55,56,365,1,Medium Slow,1059860,0,120,0,0,0.8,20,31.3
31,Nidoqueen,Poison,Ground,"['Poison Point', 'Rivalry', 'Sheer Force']",90,92,87,75,85,76,505,1,Medium Slow,1059860,1,45,0,0,1.3,60,35.5
32,Nidoranéˆ?,Poison,,"['Hustle', 'Poison Point', 'Rivalry']",46,57,40,40,40,50,273,1,Medium Slow,1059860,0,235,0,0,0.5,9,36
33,Nidorino,Poison,,"['Hustle', 'Poison Point', 'Rivalry']",61,72,57,55,55,65,365,1,Medium Slow,1059860,0,120,0,0,0.9,19.5,24.1
34,Nidoking,Poison,Ground,"['Poison Point', 'Rivalry', 'Sheer Force']",81,102,77,85,75,85,505,1,Medium Slow,1059860,1,45,0,0,1.4,62,31.6
35,Clefairy,Fairy,,"['Cute Charm', 'Friend Guard', 'Magic Guard']",70,45,48,60,65,35,323,1,Fast,800000,0,150,0,0,0.6,7.5,20.8
36,Clefable,Fairy,,"['Cute Charm', 'Magic Guard', 'Unaware']",95,70,73,95,90,60,483,1,Fast,800000,1,25,0,0,1.3,40,23.7
37,Vulpix,Fire,,"['Drought', 'Flash Fire']",38,41,40,50,65,65,299,1,Medium Fast,1000000,0,190,0,0,0.6,9.9,27.5
37,Alolan Vulpix,Ice,,"['Snow Cloak', 'Snow Warning']",38,41,40,50,65,65,299,7,Medium Fast,1000000,0,190,0,0,0.6,9.9,27.5
38,Ninetales,Fire,,"['Drought', 'Flash Fire']",73,76,75,81,100,100,505,1,Medium Fast,1000000,1,75,0,0,1.1,19.9,16.4
38,Alolan Ninetales,Ice,Fairy,"['Snow Cloak', 'Snow Warning']",73,67,75,81,100,109,505,7,Medium Fast,1000000,1,75,0,0,1.1,19.9,16.4
39,Jigglypuff,Normal,Fairy,"['Competitive', 'Cute Charm', 'Friend Guard']",115,45,20,45,25,20,270,1,Fast,800000,0,170,0,0,0.5,5.5,22
40,Wigglytuff,Normal,Fairy,"['Competitive', 'Cute Charm', 'Frisk']",140,70,45,85,50,45,435,1,Fast,800000,1,50,0,0,1,12,12
41,Zubat,Poison,Flying,"['Infiltrator', 'Inner Focus']",40,45,35,30,40,55,245,1,Medium Fast,1000000,0,255,0,0,0.8,7.5,11.7
42,Golbat,Poison,Flying,"['Infiltrator', 'Inner Focus']",75,80,70,65,75,90,455,1,Medium Fast,1000000,0,90,0,0,1.6,55,21.5
43,Oddish,Grass,Poison,"['Chlorophyll', 'Run Away']",45,50,55,75,65,30,320,1,Medium Slow,1059860,0,255,0,0,0.5,5.4,21.6
44,Gloom,Grass,Poison,"['Chlorophyll', 'Stench']",60,65,70,85,75,40,395,1,Medium Slow,1059860,0,120,0,0,0.8,8.6,13.4
45,Vileplume,Grass,Poison,"['Chlorophyll', 'Effect Spore']",75,80,85,110,90,50,490,1,Medium Slow,1059860,1,45,0,0,1.2,18.6,12.9
46,Paras,Bug,Grass,"['Damp', 'Dry Skin', 'Effect Spore']",35,70,55,45,55,25,285,1,Medium Fast,1000000,0,190,0,0,0.3,5.4,60
47,Parasect,Bug,Grass,"['Damp', 'Dry Skin', 'Effect Spore']",60,95,80,60,80,30,405,1,Medium Fast,1000000,1,75,0,0,1,29.5,29.5
48,Venonat,Bug,Poison,"['Run Away', 'Tinted Lens']",60,55,50,40,55,45,305,1,Medium Fast,1000000,0,190,0,0,1,30,30
49,Venomoth,Bug,Poison,"['Shield Dust', 'Tinted Lens', 'Wonder Skin']",70,65,60,90,75,90,450,1,Medium Fast,1000000,1,75,0,0,1.5,12.5,5.6
50,Diglett,Ground,,"['Arena Trap', 'Sand Force', 'Sand Veil']",10,55,25,35,45,95,265,1,Medium Fast,1000000,0,255,0,0,0.2,0.8,20
50,Alolan Diglett,Ground,Steel,"['Sand Force', 'Sand Veil', 'Tangling Hair']",10,55,30,35,45,90,265,7,Medium Fast,1000000,0,255,0,0,0.2,1,25
51,Dugtrio,Ground,,"['Arena Trap', 'Sand Force', 'Sand Veil']",35,100,50,50,70,120,425,1,Medium Fast,1000000,1,50,0,0,0.7,33.3,68
51,Alolan Dugtrio,Ground,Steel,"['Sand Force', 'Sand Veil', 'Tangling Hair']",35,100,60,50,70,110,425,7,Medium Fast,1000000,1,50,0,0,0.7,66.6,135.9
52,Meowth,Normal,,"['Pickup', 'Technician', 'Unnerve']",40,45,35,40,40,90,290,1,Medium Fast,1000000,0,255,0,0,0.4,4.2,26.3
52,Alolan Meowth,Dark,,"['Pickup', 'Rattled', 'Technician']",40,35,35,50,40,90,290,7,Medium Fast,1000000,0,255,0,0,0.4,4.2,26.3
52,Galarian Meowth,Steel,,"['Pickup', 'Tough Claws', 'Unnerve']",50,65,55,40,40,40,290,8,Medium Fast,1000000,0,255,0,0,0.4,7.5,46.9
53,Persian,Normal,,"['Limber', 'Technician', 'Unnerve']",65,70,60,65,65,115,440,1,Medium Fast,1000000,1,90,0,0,1,32,32
53,Alolan Persian,Dark,,"['Fur Coat', 'Rattled', 'Technician']",65,60,60,75,65,115,440,7,Medium Fast,1000000,1,90,0,0,1.1,33,27.3
54,Psyduck,Water,,"['Cloud Nine', 'Damp', 'Swift Swim']",50,52,48,65,50,55,320,1,Medium Fast,1000000,0,190,0,0,0.8,19.6,30.6
55,Golduck,Water,,"['Cloud Nine', 'Damp', 'Swift Swim']",80,82,78,95,80,85,500,1,Medium Fast,1000000,1,75,0,0,1.7,76.6,26.5
56,Mankey,Fighting,,"['Anger Point', 'Defiant', 'Vital Spirit']",40,80,35,35,45,70,305,1,Medium Fast,1000000,0,190,0,0,0.5,28,112
57,Primeape,Fighting,,"['Anger Point', 'Defiant', 'Vital Spirit']",65,105,60,60,70,95,455,1,Medium Fast,1000000,1,75,0,0,1,32,32
58,Growlithe,Fire,,"['Flash Fire', 'Intimidate', 'Justified']",55,70,45,70,50,60,350,1,Slow,1250000,0,190,0,0,0.7,19,38.8
59,Arcanine,Fire,,"['Flash Fire', 'Intimidate', 'Justified']",90,110,80,100,80,95,555,1,Slow,1250000,1,75,0,0,1.9,155,42.9
60,Poliwag,Water,,"['Damp', 'Swift Swim', 'Water Absorb']",40,50,40,40,40,90,300,1,Medium Slow,1059860,0,255,0,0,0.6,12.4,34.4
61,Poliwhirl,Water,,"['Damp', 'Swift Swim', 'Water Absorb']",65,65,65,50,50,90,385,1,Medium Slow,1059860,0,120,0,0,1,20,20
62,Poliwrath,Water,Fighting,"['Damp', 'Swift Swim', 'Water Absorb']",90,95,95,70,90,70,510,1,Medium Slow,1059860,1,45,0,0,1.3,54,32
63,Abra,Psychic,,"['Inner Focus', 'Magic Guard', 'Synchronize']",25,20,15,105,55,90,310,1,Medium Slow,1059860,0,200,0,0,0.9,19.5,24.1
64,Kadabra,Psychic,,"['Inner Focus', 'Magic Guard', 'Synchronize']",40,35,30,120,70,105,400,1,Medium Slow,1059860,0,100,0,0,1.3,56.5,33.4
65,Alakazam,Psychic,,"['Inner Focus', 'Magic Guard', 'Synchronize']",55,50,45,135,95,120,500,1,Medium Slow,1059860,1,50,0,0,1.5,48,21.3
65,Mega Alakazam,Psychic,,['Trace'],55,50,65,175,95,150,590,6,Medium Slow,1059860,1,50,0,1,1.2,48,33.3
66,Machop,Fighting,,"['Guts', 'No Guard', 'Steadfast']",70,80,50,35,35,35,305,1,Medium Slow,1059860,0,180,0,0,0.8,19.5,30.5
67,Machoke,Fighting,,"['Guts', 'No Guard', 'Steadfast']",80,100,70,50,60,45,405,1,Medium Slow,1059860,0,90,0,0,1.5,70.5,31.3
68,Machamp,Fighting,,"['Guts', 'No Guard', 'Steadfast']",90,130,80,65,85,55,505,1,Medium Slow,1059860,1,45,0,0,1.6,130,50.8
69,Bellsprout,Grass,Poison,"['Chlorophyll', 'Gluttony']",50,75,35,70,30,40,300,1,Medium Slow,1059860,0,255,0,0,0.7,4,8.2
70,Weepinbell,Grass,Poison,"['Chlorophyll', 'Gluttony']",65,90,50,85,45,55,390,1,Medium Slow,1059860,0,120,0,0,1,6.4,6.4
71,Victreebel,Grass,Poison,"['Chlorophyll', 'Gluttony']",80,105,65,100,70,70,490,1,Medium Slow,1059860,1,45,0,0,1.7,15.5,5.4
72,Tentacool,Water,Poison,"['Clear Body', 'Liquid Ooze', 'Rain Dish']",40,40,35,50,100,70,335,1,Slow,1250000,0,190,0,0,0.9,45.5,56.2
73,Tentacruel,Water,Poison,"['Clear Body', 'Liquid Ooze', 'Rain Dish']",80,70,65,80,120,100,515,1,Slow,1250000,1,60,0,0,1.6,55,21.5
74,Geodude,Rock,Ground,"['Rock Head', 'Sand Veil', 'Sturdy']",40,80,100,30,30,20,300,1,Medium Slow,1059860,0,255,0,0,0.4,20,125
74,Alolan Geodude,Rock,Electric,"['Galvanize', 'Magnet Pull', 'Sturdy']",40,80,100,30,30,20,300,7,Medium Slow,1059860,0,255,0,0,0.4,20.3,126.9
75,Graveler,Rock,Ground,"['Rock Head', 'Sand Veil', 'Sturdy']",55,95,115,45,45,35,390,1,Medium Slow,1059860,0,120,0,0,1,105,105
75,Alolan Graveler,Rock,Electric,"['Galvanize', 'Magnet Pull', 'Sturdy']",55,95,115,45,45,35,390,7,Medium Slow,1059860,0,120,0,0,1,110,110
76,Golem,Rock,Ground,"['Rock Head', 'Sand Veil', 'Sturdy']",80,120,130,55,65,45,495,1,Medium Slow,1059860,1,45,0,0,1.4,300,153.1
76,Alolan Golem,Rock,Electric,"['Galvanize', 'Magnet Pull', 'Sturdy']",80,120,130,55,65,45,495,7,Medium Slow,1059860,1,45,0,0,1.7,316,109.3
77,Ponyta,Fire,,"['Flame Body', 'Flash Fire', 'Run Away']",50,85,55,65,65,90,410,1,Medium Fast,1000000,0,190,0,0,1,30,30
77,Galarian Ponyta,Psychic,,"['Anticipation', 'Pastel Veil', 'Run Away']",50,85,55,65,65,90,410,8,Medium Fast,1000000,0,190,0,0,0.8,24,37.5
78,Rapidash,Fire,,"['Flame Body', 'Flash Fire', 'Run Away']",65,100,70,80,80,105,500,1,Medium Fast,1000000,1,60,0,0,1.7,95,32.9
78,Galarian Rapidash,Psychic,Fairy,"['Anticipation', 'Pastel Veil', 'Run Away']",65,100,70,80,80,105,500,8,Medium Fast,1000000,1,60,0,0,1.7,80,27.7
79,Slowpoke,Water,Psychic,"['Oblivious', 'Own Tempo', 'Regenerator']",90,65,65,40,40,15,315,1,Medium Fast,1000000,0,190,0,0,1.2,36,25
79,Galarian Slowpoke,Psychic,,"['Gluttony', 'Own Tempo', 'Regenerator']",90,65,65,40,40,15,315,8,Medium Fast,1000000,0,190,0,0,1.2,36,25
80,Slowbro,Water,Psychic,"['Oblivious', 'Own Tempo', 'Regenerator']",95,75,110,100,80,30,490,1,Medium Fast,1000000,1,75,0,0,1.6,78.5,30.7
80,Mega Slowbro,Water,Psychic,['Shell Armor'],95,75,180,130,80,30,590,6,Medium Fast,1000000,1,75,0,1,2,120,30
80,Galarian Slowbro,Poison,Psychic,"['Own Tempo', 'Quick Draw', 'Regenerator']",95,100,95,100,70,30,490,8,Medium Fast,1000000,1,75,0,0,1.6,70.5,27.5
81,Magnemite,Electric,Steel,"['Analytic', 'Magnet Pull', 'Sturdy']",25,35,70,95,55,45,325,1,Medium Fast,1000000,0,190,0,0,0.3,6,66.7
82,Magneton,Electric,Steel,"['Analytic', 'Magnet Pull', 'Sturdy']",50,60,95,120,70,70,465,1,Medium Fast,1000000,0,60,0,0,1,60,60
83,Farfetch'd,Normal,Flying,"['Defiant', 'Inner Focus', 'Keen Eye']",52,90,55,58,62,60,377,1,Medium Fast,1000000,1,45,0,0,0.8,15,23.4
83,Galarian Farfetch'd,Fighting,,"['Scrappy', 'Steadfast']",52,95,55,58,62,55,377,8,Medium Fast,1000000,0,45,0,0,0.8,42,65.6
84,Doduo,Normal,Flying,"['Early Bird', 'Run Away', 'Tangled Feet']",35,85,45,35,35,75,310,1,Medium Fast,1000000,0,190,0,0,1.4,39.2,20
85,Dodrio,Normal,Flying,"['Early Bird', 'Run Away', 'Tangled Feet']",60,110,70,60,60,110,470,1,Medium Fast,1000000,1,45,0,0,1.8,85.2,26.3
86,Seel,Water,,"['Hydration', 'Ice Body', 'Thick Fat']",65,45,55,45,70,45,325,1,Medium Fast,1000000,0,190,0,0,1.1,90,74.4
87,Dewgong,Water,Ice,"['Hydration', 'Ice Body', 'Thick Fat']",90,70,80,70,95,70,475,1,Medium Fast,1000000,1,75,0,0,1.7,120,41.5
88,Grimer,Poison,,"['Poison Touch', 'Stench', 'Sticky Hold']",80,80,50,40,50,25,325,1,Medium Fast,1000000,0,190,0,0,0.9,30,37
88,Alolan Grimer,Poison,Dark,"['Gluttony', 'Poison Touch', 'Power of Alchemy']",80,80,50,40,50,25,325,7,Medium Fast,1000000,0,190,0,0,0.7,42,85.7
89,Muk,Poison,,"['Poison Touch', 'Stench', 'Sticky Hold']",105,105,75,65,100,50,500,1,Medium Fast,1000000,1,75,0,0,1.2,30,20.8
89,Alolan Muk,Poison,Dark,"['Gluttony', 'Poison Touch', 'Power of Alchemy']",105,105,75,65,100,50,500,7,Medium Fast,1000000,1,75,0,0,1,52,52
90,Shellder,Water,,"['Overcoat', 'Shell Armor', 'Skill Link']",30,65,100,45,25,40,305,1,Slow,1250000,0,190,0,0,0.3,4,44.4
91,Cloyster,Water,Ice,"['Overcoat', 'Shell Armor', 'Skill Link']",50,95,180,85,45,70,525,1,Slow,1250000,1,60,0,0,1.5,132.5,58.9
92,Gastly,Ghost,Poison,['Levitate'],30,35,30,100,35,80,310,1,Medium Slow,1059860,0,190,0,0,1.3,0.1,0.1
93,Haunter,Ghost,Poison,['Levitate'],45,50,45,115,55,95,405,1,Medium Slow,1059860,0,90,0,0,1.6,0.1,0
94,Gengar,Ghost,Poison,['Cursed Body'],60,65,60,130,75,110,500,1,Medium Slow,1059860,1,45,0,0,1.5,40.5,18
94,Mega Gengar,Ghost,Poison,['Shadow Tag'],60,65,80,170,95,130,600,6,Medium Slow,1059860,1,45,0,1,1.4,40.5,20.7
95,Onix,Rock,Ground,"['Rock Head', 'Sturdy', 'Weak Armor']",35,45,160,30,45,70,385,1,Medium Fast,1000000,0,45,0,0,8.8,210,2.7
96,Drowzee,Psychic,,"['Forewarn', 'Inner Focus', 'Insomnia']",60,48,45,43,90,42,328,1,Medium Fast,1000000,0,190,0,0,1,32.4,32.4
97,Hypno,Psychic,,"['Forewarn', 'Inner Focus', 'Insomnia']",85,73,70,73,115,67,483,1,Medium Fast,1000000,1,75,0,0,1.6,75.6,29.5
98,Krabby,Water,,"['Hyper Cutter', 'Sheer Force', 'Shell Armor']",30,105,90,25,25,50,325,1,Medium Fast,1000000,0,225,0,0,0.4,6.5,40.6
99,Kingler,Water,,"['Hyper Cutter', 'Sheer Force', 'Shell Armor']",55,130,115,50,50,75,475,1,Medium Fast,1000000,1,60,0,0,1.3,60,35.5
100,Voltorb,Electric,,"['Aftermath', 'Soundproof', 'Static']",40,30,50,55,55,100,330,1,Medium Fast,1000000,0,190,0,0,0.5,10.4,41.6
101,Electrode,Electric,,"['Aftermath', 'Soundproof', 'Static']",60,50,70,80,80,150,490,1,Medium Fast,1000000,1,60,0,0,1.2,66.6,46.3
102,Exeggcute,Grass,Psychic,"['Chlorophyll', 'Harvest']",60,40,80,60,45,40,325,1,Slow,1250000,0,90,0,0,0.4,2.5,15.6
103,Exeggutor,Grass,Psychic,"['Chlorophyll', 'Harvest']",95,95,85,125,75,55,530,1,Slow,1250000,1,45,0,0,2,120,30
103,Alolan Exeggutor,Grass,Dragon,"['Frisk', 'Harvest']",95,105,85,125,75,45,530,7,Slow,1250000,1,45,0,0,10.9,415.6,3.5
104,Cubone,Ground,,"['Battle Armor', 'Lightning Rod', 'Rock Head']",50,50,95,40,50,35,320,1,Medium Fast,1000000,0,190,0,0,0.4,6.5,40.6
105,Marowak,Ground,,"['Battle Armor', 'Lightning Rod', 'Rock Head']",60,80,110,50,80,45,425,1,Medium Fast,1000000,1,75,0,0,1,45,45
105,Alolan Marowak,Fire,Ghost,"['Cursed Body', 'Rock Head']",60,80,110,50,80,45,425,7,Medium Fast,1000000,1,75,0,0,1,34,34
106,Hitmonlee,Fighting,,"['Limber', 'Reckless', 'Unburden']",50,120,53,35,110,87,455,1,Medium Fast,1000000,1,45,0,0,1.5,49.8,22.1
107,Hitmonchan,Fighting,,"['Inner Focus', 'Iron Fist', 'Keen Eye']",50,105,79,35,110,76,455,1,Medium Fast,1000000,1,45,0,0,1.4,50.2,25.6
108,Lickitung,Normal,,"['Cloud Nine', 'Oblivious', 'Own Tempo']",90,55,75,60,75,30,385,1,Medium Fast,1000000,0,45,0,0,1.2,65.5,45.5
109,Koffing,Poison,,"['Levitate', 'Neutralizing Gas', 'Stench']",40,65,95,60,45,35,340,1,Medium Fast,1000000,0,190,0,0,0.6,1,2.8
110,Weezing,Poison,,"['Levitate', 'Neutralizing Gas', 'Stench']",65,90,120,85,70,60,490,1,Medium Fast,1000000,1,60,0,0,1.2,9.5,6.6
110,Galarian Weezing,Poison,Fairy,"['Levitate', 'Misty Surge', 'Neutralizing Gas']",65,90,120,85,70,60,490,8,Medium Fast,1000000,1,60,0,0,3,16,1.8
111,Rhyhorn,Ground,Rock,"['Lightning Rod', 'Reckless', 'Rock Head']",80,85,95,30,30,25,345,1,Slow,1250000,0,120,0,0,1,115,115
112,Rhydon,Ground,Rock,"['Lightning Rod', 'Reckless', 'Rock Head']",105,130,120,45,45,40,485,1,Slow,1250000,0,60,0,0,1.9,120,33.2
113,Chansey,Normal,,"['Healer', 'Natural Cure', 'Serene Grace']",250,5,5,35,105,50,450,1,Fast,800000,0,30,0,0,1.1,34.6,28.6
114,Tangela,Grass,,"['Chlorophyll', 'Leaf Guard', 'Regenerator']",65,55,115,100,40,60,435,1,Medium Fast,1000000,0,45,0,0,1,35,35
115,Kangaskhan,Normal,,"['Early Bird', 'Inner Focus', 'Scrappy']",105,95,80,40,80,90,490,1,Medium Fast,1000000,1,45,0,0,2.2,80,16.5
115,Mega Kangaskhan,Normal,,['Parental Bond'],105,125,100,60,100,100,590,6,Medium Fast,1000000,1,45,0,1,2.2,100,20.7
116,Horsea,Water,,"['Damp', 'Sniper', 'Swift Swim']",30,40,70,70,25,60,295,1,Medium Fast,1000000,0,225,0,0,0.4,8,50
117,Seadra,Water,,"['Damp', 'Poison Point', 'Sniper']",55,65,95,95,45,85,440,1,Medium Fast,1000000,0,75,0,0,1.2,25,17.4
118,Goldeen,Water,,"['Lightning Rod', 'Swift Swim', 'Water Veil']",45,67,60,35,50,63,320,1,Medium Fast,1000000,0,225,0,0,0.6,15,41.7
119,Seaking,Water,,"['Lightning Rod', 'Swift Swim', 'Water Veil']",80,92,65,65,80,68,450,1,Medium Fast,1000000,1,60,0,0,1.3,39,23.1
120,Staryu,Water,,"['Analytic', 'Illuminate', 'Natural Cure']",30,45,55,70,55,85,340,1,Slow,1250000,0,225,0,0,0.8,34.5,53.9
121,Starmie,Water,Psychic,"['Analytic', 'Illuminate', 'Natural Cure']",60,75,85,100,85,115,520,1,Slow,1250000,1,60,0,0,1.1,80,66.1
122,Mr. Mime,Psychic,Fairy,"['Filter', 'Soundproof', 'Technician']",40,45,65,100,120,90,460,1,Medium Fast,1000000,1,45,0,0,1.3,54.5,32.2
122,Galarian Mr. Mime,Ice,Psychic,"['Ice Body', 'Screen Cleaner', 'Vital Spirit']",50,65,65,90,90,100,460,8,Medium Fast,1000000,0,45,0,0,1.4,56.8,29
123,Scyther,Bug,Flying,"['Steadfast', 'Swarm', 'Technician']",70,110,80,55,80,105,500,1,Medium Fast,1000000,0,45,0,0,1.5,56,24.9
124,Jynx,Ice,Psychic,"['Dry Skin', 'Forewarn', 'Oblivious']",65,50,35,115,95,95,455,1,Medium Fast,1000000,1,45,0,0,1.4,40.6,20.7
125,Electabuzz,Electric,,"['Static', 'Vital Spirit']",65,83,57,95,85,105,490,1,Medium Fast,1000000,0,45,0,0,1.1,30,24.8
126,Magmar,Fire,,"['Flame Body', 'Vital Spirit']",65,95,57,100,85,93,495,1,Medium Fast,1000000,0,45,0,0,1.3,44.5,26.3
127,Pinsir,Bug,,"['Hyper Cutter', 'Mold Breaker', 'Moxie']",65,125,100,55,70,85,500,1,Slow,1250000,1,45,0,0,1.5,55,24.4
127,Mega Pinsir,Bug,Flying,['Aerilate'],65,155,120,65,90,105,600,6,Slow,1250000,1,45,0,1,1.7,59,20.4
128,Tauros,Normal,,"['Anger Point', 'Intimidate', 'Sheer Force']",75,100,95,40,70,110,490,1,Slow,1250000,1,45,0,0,1.4,88.4,45.1
129,Magikarp,Water,,"['Rattled', 'Swift Swim']",20,10,55,15,20,80,200,1,Slow,1250000,0,255,0,0,0.9,10,12.3
130,Gyarados,Water,Flying,"['Intimidate', 'Moxie']",95,125,79,60,100,81,540,1,Slow,1250000,1,45,0,0,6.5,235,5.6
130,Mega Gyarados,Water,Dark,['Mold Breaker'],95,155,109,70,130,81,640,6,Slow,1250000,1,45,0,1,6.5,305,7.2
131,Lapras,Water,Ice,"['Hydration', 'Shell Armor', 'Water Absorb']",130,85,80,85,95,60,535,1,Slow,1250000,1,45,0,0,2.5,220,35.2
132,Ditto,Normal,,"['Imposter', 'Limber']",48,48,48,48,48,48,288,1,Medium Fast,1000000,1,35,0,0,0.3,4,44.4
133,Eevee,Normal,,"['Adaptability', 'Anticipation', 'Run Away']",55,55,50,45,65,55,325,1,Medium Fast,1000000,0,45,0,0,0.3,6.5,72.2
134,Vaporeon,Water,,"['Hydration', 'Water Absorb']",130,65,60,110,95,65,525,1,Medium Fast,1000000,1,45,0,0,1,29,29
135,Jolteon,Electric,,"['Quick Feet', 'Volt Absorb']",65,65,60,110,95,130,525,1,Medium Fast,1000000,1,45,0,0,0.8,24.5,38.3
136,Flareon,Fire,,"['Flash Fire', 'Guts']",65,130,60,95,110,65,525,1,Medium Fast,1000000,1,45,0,0,0.9,25,30.9
137,Porygon,Normal,,"['Analytic', 'Download', 'Trace']",65,60,70,85,75,40,395,1,Medium Fast,1000000,0,45,0,0,0.8,36.5,57
138,Omanyte,Rock,Water,"['Shell Armor', 'Swift Swim', 'Weak Armor']",35,40,100,90,55,35,355,1,Medium Fast,1000000,0,45,0,0,0.4,7.5,46.9
139,Omastar,Rock,Water,"['Shell Armor', 'Swift Swim', 'Weak Armor']",70,60,125,115,70,55,495,1,Medium Fast,1000000,1,45,0,0,1,35,35
140,Kabuto,Rock,Water,"['Battle Armor', 'Swift Swim', 'Weak Armor']",30,80,90,55,45,55,355,1,Medium Fast,1000000,0,45,0,0,0.5,11.5,46
141,Kabutops,Rock,Water,"['Battle Armor', 'Swift Swim', 'Weak Armor']",60,115,105,65,70,80,495,1,Medium Fast,1000000,1,45,0,0,1.3,40.5,24
142,Aerodactyl,Rock,Flying,"['Pressure', 'Rock Head', 'Unnerve']",80,105,65,60,75,130,515,1,Slow,1250000,1,45,0,0,1.8,59,18.2
142,Mega Aerodactyl,Rock,Flying,['Tough Claws'],80,135,85,70,95,150,615,6,Slow,1250000,1,45,0,1,2.1,79,17.9
143,Snorlax,Normal,,"['Gluttony', 'Immunity', 'Thick Fat']",160,110,65,65,110,30,540,1,Slow,1250000,1,25,0,0,2.1,460,104.3
144,Articuno,Ice,Flying,"['Pressure', 'Snow Cloak']",90,85,100,95,125,85,580,1,Slow,1250000,1,3,1,0,1.7,55.4,19.2
144,Galarian Articuno,Psychic,Flying,['Competitive'],90,85,85,125,100,95,580,8,Slow,1250000,1,3,1,0,1.7,50.9,17.6
145,Zapdos,Electric,Flying,"['Pressure', 'Static']",90,90,85,125,90,100,580,1,Slow,1250000,1,3,1,0,1.6,52.6,20.5
145,Galarian Zapdos,Fighting,Flying,['Defiant'],90,125,90,85,90,100,580,8,Slow,1250000,1,3,1,0,1.6,58.2,22.7
146,Moltres,Fire,Flying,"['Flame Body', 'Pressure']",90,100,90,125,85,90,580,1,Slow,1250000,1,3,1,0,2,60,15
146,Galarian Moltres,Dark,Flying,['Berserk'],90,85,90,100,125,90,580,8,Slow,1250000,1,3,1,0,2,66,16.5
147,Dratini,Dragon,,"['Marvel Scale', 'Shed Skin']",41,64,45,50,50,50,300,1,Slow,1250000,0,45,0,0,1.8,3.3,1
148,Dragonair,Dragon,,"['Marvel Scale', 'Shed Skin']",61,84,65,70,70,70,420,1,Slow,1250000,0,45,0,0,4,16.5,1
149,Dragonite,Dragon,Flying,"['Inner Focus', 'Multiscale']",91,134,95,100,100,80,600,1,Slow,1250000,1,45,0,0,2.2,210,43.4
150,Mewtwo,Psychic,,"['Pressure', 'Unnerve']",106,110,90,154,90,130,680,1,Slow,1250000,1,3,1,0,2,122,30.5
150,Mega Mewtwo Y,Psychic,,['Insomnia'],106,150,70,194,120,140,780,6,Slow,1250000,1,3,1,1,1.5,33,14.7
150,Mega Mewtwo X,Psychic,Fighting,['Steadfast'],106,190,100,154,100,130,780,6,Slow,1250000,1,3,1,1,2.3,127,24
151,Mew,Psychic,,['Synchronize'],100,100,100,100,100,100,600,1,Medium Slow,1059860,1,45,1,0,0.4,4,25
152,Chikorita,Grass,,"['Leaf Guard', 'Overgrow']",45,49,65,49,65,45,318,2,Medium Slow,1059860,0,45,0,0,0.9,6.4,7.9
153,Bayleef,Grass,,"['Leaf Guard', 'Overgrow']",60,62,80,63,80,60,405,2,Medium Slow,1059860,0,45,0,0,1.2,15.8,11
154,Meganium,Grass,,"['Leaf Guard', 'Overgrow']",80,82,100,83,100,80,525,2,Medium Slow,1059860,1,45,0,0,1.8,100.5,31
155,Cyndaquil,Fire,,"['Blaze', 'Flash Fire']",39,52,43,60,50,65,309,2,Medium Slow,1059860,0,45,0,0,0.5,7.9,31.6
156,Quilava,Fire,,"['Blaze', 'Flash Fire']",58,64,58,80,65,80,405,2,Medium Slow,1059860,0,45,0,0,0.9,19,23.5
157,Typhlosion,Fire,,"['Blaze', 'Flash Fire']",78,84,78,109,85,100,534,2,Medium Slow,1059860,1,45,0,0,1.7,79.5,27.5
158,Totodile,Water,,"['Sheer Force', 'Torrent']",50,65,64,44,48,43,314,2,Medium Slow,1059860,0,45,0,0,0.6,9.5,26.4
159,Croconaw,Water,,"['Sheer Force', 'Torrent']",65,80,80,59,63,58,405,2,Medium Slow,1059860,0,45,0,0,1.1,25,20.7
160,Feraligatr,Water,,"['Sheer Force', 'Torrent']",85,105,100,79,83,78,530,2,Medium Slow,1059860,1,45,0,0,2.3,88.8,16.8
161,Sentret,Normal,,"['Frisk', 'Keen Eye', 'Run Away']",35,46,34,35,45,20,215,2,Medium Fast,1000000,0,255,0,0,0.8,6,9.4
162,Furret,Normal,,"['Frisk', 'Keen Eye', 'Run Away']",85,76,64,45,55,90,415,2,Medium Fast,1000000,1,90,0,0,1.8,32.5,10
163,Hoothoot,Normal,Flying,"['Insomnia', 'Keen Eye', 'Tinted Lens']",60,30,30,36,56,50,262,2,Medium Fast,1000000,0,255,0,0,0.7,21.2,43.3
164,Noctowl,Normal,Flying,"['Insomnia', 'Keen Eye', 'Tinted Lens']",100,50,50,86,96,70,452,2,Medium Fast,1000000,1,90,0,0,1.6,40.8,15.9
165,Ledyba,Bug,Flying,"['Early Bird', 'Rattled', 'Swarm']",40,20,30,40,80,55,265,2,Fast,800000,0,255,0,0,1,10.8,10.8
166,Ledian,Bug,Flying,"['Early Bird', 'Iron Fist', 'Swarm']",55,35,50,55,110,85,390,2,Fast,800000,1,90,0,0,1.4,35.6,18.2
167,Spinarak,Bug,Poison,"['Insomnia', 'Sniper', 'Swarm']",40,60,40,40,40,30,250,2,Fast,800000,0,255,0,0,0.5,8.5,34
168,Ariados,Bug,Poison,"['Insomnia', 'Sniper', 'Swarm']",70,90,70,60,70,40,400,2,Fast,800000,1,90,0,0,1.1,33.5,27.7
169,Crobat,Poison,Flying,"['Infiltrator', 'Inner Focus']",85,90,80,70,80,130,535,2,Medium Fast,1000000,1,90,0,0,1.8,75,23.1
170,Chinchou,Water,Electric,"['Illuminate', 'Volt Absorb', 'Water Absorb']",75,38,38,56,56,67,330,2,Slow,1250000,0,190,0,0,0.5,12,48
171,Lanturn,Water,Electric,"['Illuminate', 'Volt Absorb', 'Water Absorb']",125,58,58,76,76,67,460,2,Slow,1250000,1,75,0,0,1.2,22.5,15.6
172,Pichu,Electric,,"['Lightning Rod', 'Static']",20,40,15,35,35,60,205,2,Medium Fast,1000000,0,190,0,0,0.3,2,22.2
173,Cleffa,Fairy,,"['Cute Charm', 'Friend Guard', 'Magic Guard']",50,25,28,45,55,15,218,2,Fast,800000,0,150,0,0,0.3,3,33.3
174,Igglybuff,Normal,Fairy,"['Competitive', 'Cute Charm', 'Friend Guard']",90,30,15,40,20,15,210,2,Fast,800000,0,170,0,0,0.3,1,11.1
175,Togepi,Fairy,,"['Hustle', 'Serene Grace', 'Super Luck']",35,20,65,40,65,20,245,2,Fast,800000,0,190,0,0,0.3,1.5,16.7
176,Togetic,Fairy,Flying,"['Hustle', 'Serene Grace', 'Super Luck']",55,40,85,80,105,40,405,2,Fast,800000,0,75,0,0,0.6,3.2,8.9
177,Natu,Psychic,Flying,"['Early Bird', 'Magic Bounce', 'Synchronize']",40,50,45,70,45,70,320,2,Medium Fast,1000000,0,190,0,0,0.2,2,50
178,Xatu,Psychic,Flying,"['Early Bird', 'Magic Bounce', 'Synchronize']",65,75,70,95,70,95,470,2,Medium Fast,1000000,1,75,0,0,1.5,15,6.7
179,Mareep,Electric,,"['Plus', 'Static']",55,40,40,65,45,35,280,2,Medium Slow,1059860,0,235,0,0,0.6,7.8,21.7
180,Flaaffy,Electric,,"['Plus', 'Static']",70,55,55,80,60,45,365,2,Medium Slow,1059860,0,120,0,0,0.8,13.3,20.8
181,Ampharos,Electric,,"['Plus', 'Static']",90,75,85,115,90,55,510,2,Medium Slow,1059860,1,45,0,0,1.4,61.5,31.4
181,Mega Ampharos,Electric,Dragon,['Mold Breaker'],90,95,105,165,110,45,610,6,Medium Slow,1059860,1,45,0,1,1.4,61.5,31.4
182,Bellossom,Grass,,"['Chlorophyll', 'Healer']",75,80,95,90,100,50,490,2,Medium Slow,1059860,1,45,0,0,0.4,5.8,36.3
183,Marill,Water,Fairy,"['Huge Power', 'Sap Sipper', 'Thick Fat']",70,20,50,20,50,40,250,2,Fast,800000,0,190,0,0,0.4,8.5,53.1
184,Azumarill,Water,Fairy,"['Huge Power', 'Sap Sipper', 'Thick Fat']",100,50,80,60,80,50,420,2,Fast,800000,1,75,0,0,0.8,28.5,44.5
185,Sudowoodo,Rock,,"['Rattled', 'Rock Head', 'Sturdy']",70,100,115,30,65,30,410,2,Medium Fast,1000000,1,65,0,0,1.2,38,26.4
186,Politoed,Water,,"['Damp', 'Drizzle', 'Water Absorb']",90,75,75,90,100,70,500,2,Medium Slow,1059860,1,45,0,0,1.1,33.9,28
187,Hoppip,Grass,Flying,"['Chlorophyll', 'Infiltrator', 'Leaf Guard']",35,35,40,35,55,50,250,2,Medium Slow,1059860,0,255,0,0,0.4,0.5,3.1
188,Skiploom,Grass,Flying,"['Chlorophyll', 'Infiltrator', 'Leaf Guard']",55,45,50,45,65,80,340,2,Medium Slow,1059860,0,120,0,0,0.6,1,2.8
189,Jumpluff,Grass,Flying,"['Chlorophyll', 'Infiltrator', 'Leaf Guard']",75,55,70,55,95,110,460,2,Medium Slow,1059860,1,45,0,0,0.8,3,4.7
190,Aipom,Normal,,"['Pickup', 'Run Away', 'Skill Link']",55,70,55,40,55,85,360,2,Fast,800000,0,45,0,0,0.8,11.5,18
191,Sunkern,Grass,,"['Chlorophyll', 'Early Bird', 'Solar Power']",30,30,30,30,30,30,180,2,Medium Slow,1059860,0,235,0,0,0.3,1.8,20
192,Sunflora,Grass,,"['Chlorophyll', 'Early Bird', 'Solar Power']",75,75,55,105,85,30,425,2,Medium Slow,1059860,1,120,0,0,0.8,8.5,13.3
193,Yanma,Bug,Flying,"['Frisk', 'Speed Boost']",65,65,45,75,45,95,390,2,Medium Fast,1000000,0,75,0,0,1.2,38,26.4
194,Wooper,Water,Ground,"['Damp', 'Unaware', 'Water Absorb']",55,45,45,25,25,15,210,2,Medium Fast,1000000,0,255,0,0,0.4,8.5,53.1
195,Quagsire,Water,Ground,"['Damp', 'Unaware', 'Water Absorb']",95,85,85,65,65,35,430,2,Medium Fast,1000000,1,90,0,0,1.4,75,38.3
196,Espeon,Psychic,,"['Magic Bounce', 'Synchronize']",65,65,60,130,95,110,525,2,Medium Fast,1000000,1,45,0,0,0.9,26.5,32.7
197,Umbreon,Dark,,"['Inner Focus', 'Synchronize']",95,65,110,60,130,65,525,2,Medium Fast,1000000,1,45,0,0,1,27,27
198,Murkrow,Dark,Flying,"['Insomnia', 'Prankster', 'Super Luck']",60,85,42,85,42,91,405,2,Medium Slow,1059860,0,30,0,0,0.5,2.1,8.4
199,Slowking,Water,Psychic,"['Oblivious', 'Own Tempo', 'Regenerator']",95,75,80,100,110,30,490,2,Medium Fast,1000000,1,70,0,0,2,79.5,19.9
199,Galarian Slowking,Poison,Psychic,"['Curious Medicine', 'Own Tempo', 'Regenerator']",95,65,80,110,110,30,490,8,Medium Fast,1000000,1,70,0,0,1.8,79.5,24.5
200,Misdreavus,Ghost,,['Levitate'],60,60,60,85,85,85,435,2,Fast,800000,0,45,0,0,0.7,1,2
201,Unown,Psychic,,['Levitate'],48,72,48,72,48,48,336,2,Medium Fast,1000000,1,225,0,0,0.5,5,20
202,Wobbuffet,Psychic,,"['Shadow Tag', 'Telepathy']",190,33,58,33,58,33,405,2,Medium Fast,1000000,1,45,0,0,1.3,28.5,16.9
203,Girafarig,Normal,Psychic,"['Early Bird', 'Inner Focus', 'Sap Sipper']",70,80,65,90,65,85,455,2,Medium Fast,1000000,1,60,0,0,1.5,41.5,18.4
204,Pineco,Bug,,"['Overcoat', 'Sturdy']",50,65,90,35,35,15,290,2,Medium Fast,1000000,0,190,0,0,0.6,7.2,20
205,Forretress,Bug,Steel,"['Overcoat', 'Sturdy']",75,90,140,60,60,40,465,2,Medium Fast,1000000,1,75,0,0,1.2,125.8,87.4
206,Dunsparce,Normal,,"['Rattled', 'Run Away', 'Serene Grace']",100,70,70,65,65,45,415,2,Medium Fast,1000000,1,190,0,0,1.5,14,6.2
207,Gligar,Ground,Flying,"['Hyper Cutter', 'Immunity', 'Sand Veil']",65,75,105,35,65,85,430,2,Medium Slow,1059860,0,60,0,0,1.1,64.8,53.6
208,Steelix,Steel,Ground,"['Rock Head', 'Sheer Force', 'Sturdy']",75,85,200,55,65,30,510,2,Medium Fast,1000000,1,25,0,0,9.2,400,4.7
208,Mega Steelix,Steel,Ground,['Sand Force'],75,125,230,55,95,30,610,6,Medium Fast,1000000,1,25,0,1,10.5,740,6.7
209,Snubbull,Fairy,,"['Intimidate', 'Rattled', 'Run Away']",60,80,50,40,40,30,300,2,Fast,800000,0,190,0,0,0.6,7.8,21.7
210,Granbull,Fairy,,"['Intimidate', 'Quick Feet', 'Rattled']",90,120,75,60,60,45,450,2,Fast,800000,1,75,0,0,1.4,48.7,24.8
211,Qwilfish,Water,Poison,"['Intimidate', 'Poison Point', 'Swift Swim']",65,95,85,55,55,85,440,2,Medium Fast,1000000,1,45,0,0,0.5,3.9,15.6
212,Scizor,Bug,Steel,"['Light Metal', 'Swarm', 'Technician']",70,130,100,55,80,65,500,2,Medium Fast,1000000,1,25,0,0,1.8,118,36.4
212,Mega Scizor,Bug,Steel,['Technician'],70,150,140,65,100,75,600,6,Medium Fast,1000000,1,25,0,1,2,125,31.3
213,Shuckle,Bug,Rock,"['Contrary', 'Gluttony', 'Sturdy']",20,10,230,10,230,5,505,2,Medium Slow,1059860,1,190,0,0,0.6,20.5,56.9
214,Heracross,Bug,Fighting,"['Guts', 'Moxie', 'Swarm']",80,125,75,40,95,85,500,2,Slow,1250000,1,45,0,0,1.5,54,24
214,Mega Heracross,Bug,Fighting,['Skill Link'],80,185,115,40,105,75,600,6,Slow,1250000,1,45,0,1,1.7,62.5,21.6
215,Sneasel,Dark,Ice,"['Inner Focus', 'Keen Eye', 'Pickpocket']",55,95,55,35,75,115,430,2,Medium Slow,1059860,0,60,0,0,0.9,28,34.6
216,Teddiursa,Normal,,"['Honey Gather', 'Pickup', 'Quick Feet']",60,80,50,50,50,40,330,2,Medium Fast,1000000,0,120,0,0,0.6,8.8,24.4
217,Ursaring,Normal,,"['Guts', 'Quick Feet', 'Unnerve']",90,130,75,75,75,55,500,2,Medium Fast,1000000,1,60,0,0,1.8,125.8,38.8
218,Slugma,Fire,,"['Flame Body', 'Magma Armor', 'Weak Armor']",40,40,40,70,40,20,250,2,Medium Fast,1000000,0,190,0,0,0.7,35,71.4
219,Magcargo,Fire,Rock,"['Flame Body', 'Magma Armor', 'Weak Armor']",60,50,120,90,80,30,430,2,Medium Fast,1000000,1,75,0,0,0.8,55,85.9
220,Swinub,Ice,Ground,"['Oblivious', 'Snow Cloak', 'Thick Fat']",50,50,40,30,30,50,250,2,Slow,1250000,0,225,0,0,0.4,6.5,40.6
221,Piloswine,Ice,Ground,"['Oblivious', 'Snow Cloak', 'Thick Fat']",100,100,80,60,60,50,450,2,Slow,1250000,0,75,0,0,1.1,55.8,46.1
222,Corsola,Water,Rock,"['Hustle', 'Natural Cure', 'Regenerator']",65,55,95,65,95,35,410,2,Fast,800000,1,60,0,0,0.6,5,13.9
222,Galarian Corsola,Ghost,,"['Cursed Body', 'Weak Armor']",60,55,100,65,100,30,410,8,Fast,800000,0,60,0,0,0.6,0.5,1.4
223,Remoraid,Water,,"['Hustle', 'Moody', 'Sniper']",35,65,35,65,35,65,300,2,Medium Fast,1000000,0,190,0,0,0.6,12,33.3
224,Octillery,Water,,"['Moody', 'Sniper', 'Suction Cups']",75,105,75,105,75,45,480,2,Medium Fast,1000000,1,75,0,0,0.9,28.5,35.2
225,Delibird,Ice,Flying,"['Hustle', 'Insomnia', 'Vital Spirit']",45,55,45,65,45,75,330,2,Fast,800000,1,45,0,0,0.9,16,19.8
226,Mantine,Water,Flying,"['Swift Swim', 'Water Absorb', 'Water Veil']",85,40,70,80,140,70,485,2,Slow,1250000,1,25,0,0,2.1,220,49.9
227,Skarmory,Steel,Flying,"['Keen Eye', 'Sturdy', 'Weak Armor']",65,80,140,40,70,70,465,2,Slow,1250000,1,25,0,0,1.7,50.5,17.5
228,Houndour,Dark,Fire,"['Early Bird', 'Flash Fire', 'Unnerve']",45,60,30,80,50,65,330,2,Slow,1250000,0,120,0,0,0.6,10.8,30
229,Houndoom,Dark,Fire,"['Early Bird', 'Flash Fire', 'Unnerve']",75,90,50,110,80,95,500,2,Slow,1250000,1,45,0,0,1.4,35,17.9
229,Mega Houndoom,Dark,Fire,['Solar Power'],75,90,90,140,90,115,600,6,Slow,1250000,1,45,0,1,1.9,49.5,13.7
230,Kingdra,Water,Dragon,"['Damp', 'Sniper', 'Swift Swim']",75,95,95,95,95,85,540,2,Medium Fast,1000000,1,45,0,0,1.8,152,46.9
231,Phanpy,Ground,,"['Pickup', 'Sand Veil']",90,60,60,40,40,40,330,2,Medium Fast,1000000,0,120,0,0,0.5,33.5,134
232,Donphan,Ground,,"['Sand Veil', 'Sturdy']",90,120,120,60,60,50,500,2,Medium Fast,1000000,1,60,0,0,1.1,120,99.2
233,Porygon2,Normal,,"['Analytic', 'Download', 'Trace']",85,80,90,105,95,60,515,2,Medium Fast,1000000,0,45,0,0,0.6,32.5,90.3
234,Stantler,Normal,,"['Frisk', 'Intimidate', 'Sap Sipper']",73,95,62,85,65,85,465,2,Slow,1250000,1,45,0,0,1.4,71.2,36.3
235,Smeargle,Normal,,"['Moody', 'Own Tempo', 'Technician']",55,20,35,20,45,75,250,2,Fast,800000,1,45,0,0,1.2,58,40.3
236,Tyrogue,Fighting,,"['Guts', 'Steadfast', 'Vital Spirit']",35,35,35,35,35,35,210,2,Medium Fast,1000000,0,75,0,0,0.7,21,42.9
237,Hitmontop,Fighting,,"['Intimidate', 'Steadfast', 'Technician']",50,95,95,35,110,70,455,2,Medium Fast,1000000,1,45,0,0,1.4,48,24.5
238,Smoochum,Ice,Psychic,"['Forewarn', 'Hydration', 'Oblivious']",45,30,15,85,65,65,305,2,Medium Fast,1000000,0,45,0,0,0.4,6,37.5
239,Elekid,Electric,,"['Static', 'Vital Spirit']",45,63,37,65,55,95,360,2,Medium Fast,1000000,0,45,0,0,0.6,23.5,65.3
240,Magby,Fire,,"['Flame Body', 'Vital Spirit']",45,75,37,70,55,83,365,2,Medium Fast,1000000,0,45,0,0,0.7,21.4,43.7
241,Miltank,Normal,,"['Sap Sipper', 'Scrappy', 'Thick Fat']",95,80,105,40,70,100,490,2,Slow,1250000,1,45,0,0,1.2,75.5,52.4
242,Blissey,Normal,,"['Healer', 'Natural Cure', 'Serene Grace']",255,10,10,75,135,55,540,2,Fast,800000,1,30,0,0,1.5,46.8,20.8
243,Raikou,Electric,,"['Inner Focus', 'Pressure']",90,85,75,115,100,115,580,2,Slow,1250000,1,3,1,0,1.9,178,49.3
244,Entei,Fire,,"['Inner Focus', 'Pressure']",115,115,85,90,75,100,580,2,Slow,1250000,1,3,1,0,2.1,198,44.9
245,Suicune,Water,,"['Inner Focus', 'Pressure']",100,75,115,90,115,85,580,2,Slow,1250000,1,3,1,0,2,187,46.8
246,Larvitar,Rock,Ground,"['Guts', 'Sand Veil']",50,64,50,45,50,41,300,2,Slow,1250000,0,45,0,0,0.6,72,200
247,Pupitar,Rock,Ground,['Shed Skin'],70,84,70,65,70,51,410,2,Slow,1250000,0,45,0,0,1.2,152,105.6
248,Tyranitar,Rock,Dark,"['Sand Stream', 'Unnerve']",100,134,110,95,100,61,600,2,Slow,1250000,1,45,0,0,2,202,50.5
248,Mega Tyranitar,Rock,Dark,['Sand Stream'],100,164,150,95,120,71,700,6,Slow,1250000,1,45,0,1,2.5,255,40.8
249,Lugia,Psychic,Flying,"['Multiscale', 'Pressure']",106,90,130,90,154,110,680,2,Slow,1250000,1,3,1,0,5.2,216,8
250,Ho-Oh,Fire,Flying,"['Pressure', 'Regenerator']",106,130,90,110,154,90,680,2,Slow,1250000,1,3,1,0,3.8,199,13.8
251,Celebi,Psychic,Grass,['Natural Cure'],100,100,100,100,100,100,600,2,Medium Slow,1059860,1,45,1,0,0.6,5,13.9
252,Treecko,Grass,,"['Overgrow', 'Unburden']",40,45,35,65,55,70,310,3,Medium Slow,1059860,0,45,0,0,0.5,5,20
253,Grovyle,Grass,,"['Overgrow', 'Unburden']",50,65,45,85,65,95,405,3,Medium Slow,1059860,0,45,0,0,0.9,21.6,26.7
254,Sceptile,Grass,,"['Overgrow', 'Unburden']",70,85,65,105,85,120,530,3,Medium Slow,1059860,1,45,0,0,1.7,52.2,18.1
254,Mega Sceptile,Grass,Dragon,[],70,110,75,145,85,145,630,6,Medium Slow,1059860,1,45,0,1,1.9,55.2,15.3
255,Torchic,Fire,,"['Blaze', 'Speed Boost']",45,60,40,70,50,45,310,3,Medium Slow,1059860,0,45,0,0,0.4,2.5,15.6
256,Combusken,Fire,Fighting,"['Blaze', 'Speed Boost']",60,85,60,85,60,55,405,3,Medium Slow,1059860,0,45,0,0,0.9,19.5,24.1
257,Blaziken,Fire,Fighting,"['Blaze', 'Speed Boost']",80,120,70,110,70,80,530,3,Medium Slow,1059860,1,45,0,0,1.9,52,14.4
257,Mega Blaziken,Fire,Fighting,['Speed Boost'],80,160,80,130,80,100,630,6,Medium Slow,1059860,1,45,0,1,1.9,52,14.4
258,Mudkip,Water,,"['Damp', 'Torrent']",50,70,50,50,50,40,310,3,Medium Slow,1059860,0,45,0,0,0.4,7.6,47.5
259,Marshtomp,Water,Ground,"['Damp', 'Torrent']",70,85,70,60,70,50,405,3,Medium Slow,1059860,0,45,0,0,0.7,28,57.1
260,Swampert,Water,Ground,"['Damp', 'Torrent']",100,110,90,85,90,60,535,3,Medium Slow,1059860,1,45,0,0,1.5,81.9,36.4
260,Mega Swampert,Water,Ground,['Swift Swim'],100,150,110,95,110,70,635,6,Medium Slow,1059860,1,45,0,1,1.9,102,28.3
261,Poochyena,Dark,,"['Quick Feet', 'Rattled', 'Run Away']",35,55,35,30,30,35,220,3,Medium Fast,1000000,0,255,0,0,0.5,13.6,54.4
262,Mightyena,Dark,,"['Intimidate', 'Moxie', 'Quick Feet']",70,90,70,60,60,70,420,3,Medium Fast,1000000,1,127,0,0,1,37,37
263,Zigzagoon,Normal,,"['Gluttony', 'Pickup', 'Quick Feet']",38,30,41,30,41,60,240,3,Medium Fast,1000000,0,255,0,0,0.4,17.5,109.4
263,Galarian Zigzagoon,Dark,Normal,"['Gluttony', 'Pickup', 'Quick Feet']",38,30,41,30,41,60,240,8,Medium Fast,1000000,0,255,0,0,0.4,17.5,109.4
264,Linoone,Normal,,"['Gluttony', 'Pickup', 'Quick Feet']",78,70,61,50,61,100,420,3,Medium Fast,1000000,1,90,0,0,0.5,32.5,130
264,Galarian Linoone,Dark,Normal,"['Gluttony', 'Pickup', 'Quick Feet']",78,70,61,50,61,100,420,8,Medium Fast,1000000,0,90,0,0,0.5,32.5,130
265,Wurmple,Bug,,"['Run Away', 'Shield Dust']",45,45,35,20,30,20,195,3,Medium Fast,1000000,0,255,0,0,0.3,3.6,40
266,Silcoon,Bug,,['Shed Skin'],50,35,55,25,25,15,205,3,Medium Fast,1000000,0,120,0,0,0.6,10,27.8
267,Beautifly,Bug,Flying,"['Rivalry', 'Swarm']",60,70,50,100,50,65,395,3,Medium Fast,1000000,1,45,0,0,1,28.4,28.4
268,Cascoon,Bug,,['Shed Skin'],50,35,55,25,25,15,205,3,Medium Fast,1000000,0,120,0,0,0.7,11.5,23.5
269,Dustox,Bug,Poison,['Shield Dust'],60,50,70,50,90,65,385,3,Medium Fast,1000000,1,45,0,0,1.2,31.6,21.9
270,Lotad,Water,Grass,"['Own Tempo', 'Rain Dish', 'Swift Swim']",40,30,30,40,50,30,220,3,Medium Slow,1059860,0,255,0,0,0.5,2.6,10.4
271,Lombre,Water,Grass,"['Own Tempo', 'Rain Dish', 'Swift Swim']",60,50,50,60,70,50,340,3,Medium Slow,1059860,0,120,0,0,1.2,32.5,22.6
272,Ludicolo,Water,Grass,"['Own Tempo', 'Rain Dish', 'Swift Swim']",80,70,70,90,100,70,480,3,Medium Slow,1059860,1,45,0,0,1.5,55,24.4
273,Seedot,Grass,,"['Chlorophyll', 'Early Bird', 'Pickpocket']",40,40,50,30,30,30,220,3,Medium Slow,1059860,0,255,0,0,0.5,4,16
274,Nuzleaf,Grass,Dark,"['Chlorophyll', 'Early Bird', 'Pickpocket']",70,70,40,60,40,60,340,3,Medium Slow,1059860,0,120,0,0,1,28,28
275,Shiftry,Grass,Dark,"['Chlorophyll', 'Early Bird', 'Pickpocket']",90,100,60,90,60,80,480,3,Medium Slow,1059860,1,45,0,0,1.3,59.6,35.3
276,Taillow,Normal,Flying,"['Guts', 'Scrappy']",40,55,30,30,30,85,270,3,Medium Slow,1059860,0,200,0,0,0.3,2.3,25.6
277,Swellow,Normal,Flying,"['Guts', 'Scrappy']",60,85,60,75,50,125,455,3,Medium Slow,1059860,1,45,0,0,0.7,19.8,40.4
278,Wingull,Water,Flying,"['Hydration', 'Keen Eye', 'Rain Dish']",40,30,30,55,30,85,270,3,Medium Fast,1000000,0,190,0,0,0.6,9.5,26.4
279,Pelipper,Water,Flying,"['Drizzle', 'Keen Eye', 'Rain Dish']",60,50,100,95,70,65,440,3,Medium Fast,1000000,1,45,0,0,1.2,28,19.4
280,Ralts,Psychic,Fairy,"['Synchronize', 'Telepathy', 'Trace']",28,25,25,45,35,40,198,3,Slow,1250000,0,235,0,0,0.4,6.6,41.3
281,Kirlia,Psychic,Fairy,"['Synchronize', 'Telepathy', 'Trace']",38,35,35,65,55,50,278,3,Slow,1250000,0,120,0,0,0.8,20.2,31.6
282,Gardevoir,Psychic,Fairy,"['Synchronize', 'Telepathy', 'Trace']",68,65,65,125,115,80,518,3,Slow,1250000,1,45,0,0,1.6,48.4,18.9
282,Mega Gardevoir,Psychic,Fairy,['Pixilate'],68,85,65,165,135,100,618,6,Slow,1250000,1,45,0,1,1.6,48.4,18.9
283,Surskit,Bug,Water,"['Rain Dish', 'Swift Swim']",40,30,32,50,52,65,269,3,Medium Fast,1000000,0,200,0,0,0.5,1.7,6.8
284,Masquerain,Bug,Flying,"['Intimidate', 'Unnerve']",70,60,62,100,82,80,454,3,Medium Fast,1000000,1,75,0,0,0.8,3.6,5.6
285,Shroomish,Grass,,"['Effect Spore', 'Poison Heal', 'Quick Feet']",60,40,60,40,60,35,295,3,Fluctuating,1640000,0,255,0,0,0.4,4.5,28.1
286,Breloom,Grass,Fighting,"['Effect Spore', 'Poison Heal', 'Technician']",60,130,80,60,60,70,460,3,Fluctuating,1640000,1,90,0,0,1.2,39.2,27.2
287,Slakoth,Normal,,['Truant'],60,60,60,35,35,30,280,3,Slow,1250000,0,255,0,0,0.8,24,37.5
288,Vigoroth,Normal,,['Vital Spirit'],80,80,80,55,55,90,440,3,Slow,1250000,0,120,0,0,1.4,46.5,23.7
289,Slaking,Normal,,['Truant'],150,160,100,95,65,100,670,3,Slow,1250000,1,45,0,0,2,130.5,32.6
290,Nincada,Bug,Ground,['Run Away'],31,45,90,30,30,40,266,3,Erratic,600000,0,255,0,0,0.5,5.5,22
291,Ninjask,Bug,Flying,"['Infiltrator', 'Speed Boost']",61,90,45,50,50,160,456,3,Erratic,600000,1,120,0,0,0.8,12,18.8
292,Shedinja,Bug,Ghost,['Wonder Guard'],1,90,45,30,30,40,236,3,Erratic,600000,1,45,0,0,0.8,1.2,1.9
293,Whismur,Normal,,"['Rattled', 'Soundproof']",64,51,23,51,23,28,240,3,Medium Slow,1059860,0,190,0,0,0.6,16.3,45.3
294,Loudred,Normal,,"['Scrappy', 'Soundproof']",84,71,43,71,43,48,360,3,Medium Slow,1059860,0,120,0,0,1,40.5,40.5
295,Exploud,Normal,,"['Scrappy', 'Soundproof']",104,91,63,91,73,68,490,3,Medium Slow,1059860,1,45,0,0,1.5,84,37.3
296,Makuhita,Fighting,,"['Guts', 'Sheer Force', 'Thick Fat']",72,60,30,20,30,25,237,3,Fluctuating,1640000,0,180,0,0,1,86.4,86.4
297,Hariyama,Fighting,,"['Guts', 'Sheer Force', 'Thick Fat']",144,120,60,40,60,50,474,3,Fluctuating,1640000,1,200,0,0,2.3,253.8,48
298,Azurill,Normal,Fairy,"['Huge Power', 'Sap Sipper', 'Thick Fat']",50,20,40,20,40,20,190,3,Fast,800000,0,150,0,0,0.2,2,50
299,Nosepass,Rock,,"['Magnet Pull', 'Sand Force', 'Sturdy']",30,45,135,45,90,30,375,3,Medium Fast,1000000,0,255,0,0,1,97,97
300,Skitty,Normal,,"['Cute Charm', 'Normalize', 'Wonder Skin']",50,45,45,35,35,50,260,3,Fast,800000,0,255,0,0,0.6,11,30.6
301,Delcatty,Normal,,"['Cute Charm', 'Normalize', 'Wonder Skin']",70,65,65,55,55,90,400,3,Fast,800000,1,60,0,0,1.1,32.6,26.9
302,Sableye,Dark,Ghost,"['Keen Eye', 'Prankster', 'Stall']",50,75,75,65,65,50,380,3,Medium Slow,1059860,1,45,0,0,0.5,11,44
302,Mega Sableye,Dark,Ghost,['Magic Bounce'],50,85,125,85,115,20,480,6,Medium Slow,1059860,1,45,0,1,0.5,161,644
303,Mawile,Steel,Fairy,"['Hyper Cutter', 'Intimidate', 'Sheer Force']",50,85,85,55,55,50,380,3,Fast,800000,1,45,0,0,0.6,11.5,31.9
303,Mega Mawile,Steel,Fairy,['Huge Power'],50,105,125,55,95,50,480,6,Fast,800000,1,45,0,1,1,23.5,23.5
304,Aron,Steel,Rock,"['Heavy Metal', 'Rock Head', 'Sturdy']",50,70,100,40,40,30,330,3,Slow,1250000,0,180,0,0,0.4,60,375
305,Lairon,Steel,Rock,"['Heavy Metal', 'Rock Head', 'Sturdy']",60,90,140,50,50,40,430,3,Slow,1250000,0,90,0,0,0.9,120,148.1
306,Aggron,Steel,Rock,"['Heavy Metal', 'Rock Head', 'Sturdy']",70,110,180,60,60,50,530,3,Slow,1250000,1,45,0,0,2.1,360,81.6
306,Mega Aggron,Steel,,['Filter'],70,140,230,60,80,50,630,6,Slow,1250000,1,45,0,1,2.2,395,81.6
307,Meditite,Fighting,Psychic,"['Pure Power', 'Telepathy']",30,40,55,40,55,60,280,3,Medium Fast,1000000,0,180,0,0,0.6,11.2,31.1
308,Medicham,Fighting,Psychic,"['Pure Power', 'Telepathy']",60,60,75,60,75,80,410,3,Medium Fast,1000000,1,90,0,0,1.3,31.5,18.6
308,Mega Medicham,Fighting,Psychic,['Pure Power'],60,100,85,80,85,100,510,6,Medium Fast,1000000,1,90,0,1,1.3,31.5,18.6
309,Electrike,Electric,,"['Lightning Rod', 'Minus', 'Static']",40,45,40,65,40,65,295,3,Slow,1250000,0,120,0,0,0.6,15.2,42.2
310,Manectric,Electric,,"['Lightning Rod', 'Minus', 'Static']",70,75,60,105,60,105,475,3,Slow,1250000,1,45,0,0,1.5,40.2,17.9
310,Mega Manectric,Electric,,['Intimidate'],70,75,80,135,80,135,575,6,Slow,1250000,1,45,0,1,1.8,44,13.6
311,Plusle,Electric,,"['Lightning Rod', 'Plus']",60,50,40,85,75,95,405,3,Medium Fast,1000000,1,200,0,0,0.4,4.2,26.3
312,Minun,Electric,,"['Minus', 'Volt Absorb']",60,40,50,75,85,95,405,3,Medium Fast,1000000,1,200,0,0,0.4,4.2,26.3
313,Volbeat,Bug,,"['Illuminate', 'Prankster', 'Swarm']",65,73,75,47,85,85,430,3,Erratic,600000,1,150,0,0,0.7,17.7,36.1
314,Illumise,Bug,,"['Oblivious', 'Prankster', 'Tinted Lens']",65,47,75,73,85,85,430,3,Fluctuating,1640000,1,150,0,0,0.6,17.7,49.2
315,Roselia,Grass,Poison,"['Leaf Guard', 'Natural Cure', 'Poison Point']",50,60,45,100,80,65,400,3,Medium Slow,1059860,0,150,0,0,0.3,2,22.2
316,Gulpin,Poison,,"['Gluttony', 'Liquid Ooze', 'Sticky Hold']",70,43,53,43,53,40,302,3,Fluctuating,1640000,0,225,0,0,0.4,10.3,64.4
317,Swalot,Poison,,"['Gluttony', 'Liquid Ooze', 'Sticky Hold']",100,73,83,73,83,55,467,3,Fluctuating,1640000,1,75,0,0,1.7,80,27.7
318,Carvanha,Water,Dark,"['Rough Skin', 'Speed Boost']",45,90,20,65,20,65,305,3,Slow,1250000,0,225,0,0,0.8,20.8,32.5
319,Sharpedo,Water,Dark,"['Rough Skin', 'Speed Boost']",70,120,40,95,40,95,460,3,Slow,1250000,1,60,0,0,1.8,88.8,27.4
319,Mega Sharpedo,Water,Dark,['Strong Jaw'],70,140,70,110,65,105,560,6,Slow,1250000,1,60,0,1,2.5,130.3,20.8
320,Wailmer,Water,,"['Oblivious', 'Pressure', 'Water Veil']",130,70,35,70,35,60,400,3,Fluctuating,1640000,0,125,0,0,2,130,32.5
321,Wailord,Water,,"['Oblivious', 'Pressure', 'Water Veil']",170,90,45,90,45,60,500,3,Fluctuating,1640000,1,60,0,0,14.5,398,1.9
322,Numel,Fire,Ground,"['Oblivious', 'Own Tempo', 'Simple']",60,60,40,65,45,35,305,3,Medium Fast,1000000,0,255,0,0,0.7,24,49
323,Camerupt,Fire,Ground,"['Anger Point', 'Magma Armor', 'Solid Rock']",70,100,70,105,75,40,460,3,Medium Fast,1000000,1,150,0,0,1.9,220,60.9
323,Mega Camerupt,Fire,Ground,['Sheer Force'],70,120,100,145,105,20,560,6,Medium Fast,1000000,1,150,0,1,2.5,320.5,51.3
324,Torkoal,Fire,,"['Drought', 'Shell Armor', 'White Smoke']",70,85,140,85,70,20,470,3,Medium Fast,1000000,1,90,0,0,0.5,80.4,321.6
325,Spoink,Psychic,,"['Gluttony', 'Own Tempo', 'Thick Fat']",60,25,35,70,80,60,330,3,Fast,800000,0,255,0,0,0.7,30.6,62.4
326,Grumpig,Psychic,,"['Gluttony', 'Own Tempo', 'Thick Fat']",80,45,65,90,110,80,470,3,Fast,800000,1,60,0,0,0.9,71.5,88.3
327,Spinda,Normal,,"['Contrary', 'Own Tempo', 'Tangled Feet']",60,60,60,60,60,60,360,3,Fast,800000,1,255,0,0,1.1,5,4.1
328,Trapinch,Ground,,"['Arena Trap', 'Hyper Cutter', 'Sheer Force']",45,100,45,45,45,10,290,3,Medium Slow,1059860,0,255,0,0,0.7,15,30.6
329,Vibrava,Ground,Dragon,['Levitate'],50,70,50,50,50,70,340,3,Medium Slow,1059860,0,120,0,0,1.1,15.3,12.6
330,Flygon,Ground,Dragon,['Levitate'],80,100,80,80,80,100,520,3,Medium Slow,1059860,1,45,0,0,2,82,20.5
331,Cacnea,Grass,,"['Sand Veil', 'Water Absorb']",50,85,40,85,40,35,335,3,Medium Slow,1059860,0,190,0,0,0.4,51.3,320.6
332,Cacturne,Grass,Dark,"['Sand Veil', 'Water Absorb']",70,115,60,115,60,55,475,3,Medium Slow,1059860,1,60,0,0,1.3,77.4,45.8
333,Swablu,Normal,Flying,"['Cloud Nine', 'Natural Cure']",45,40,60,40,75,50,310,3,Erratic,600000,0,255,0,0,0.4,1.2,7.5
334,Altaria,Dragon,Flying,"['Cloud Nine', 'Natural Cure']",75,70,90,70,105,80,490,3,Erratic,600000,1,45,0,0,1.1,20.6,17
334,Mega Altaria,Dragon,Fairy,['Pixilate'],75,110,110,110,105,80,590,6,Erratic,600000,1,45,0,1,1.5,20.6,9.2
335,Zangoose,Normal,,"['Immunity', 'Toxic Boost']",73,115,60,60,60,90,458,3,Erratic,600000,1,90,0,0,1.3,40.3,23.8
336,Seviper,Poison,,"['Infiltrator', 'Shed Skin']",73,100,60,100,60,65,458,3,Fluctuating,1640000,1,90,0,0,2.7,52.5,7.2
337,Lunatone,Rock,Psychic,['Levitate'],90,55,65,95,85,70,460,3,Fast,800000,1,45,0,0,1,168,168
338,Solrock,Rock,Psychic,['Levitate'],90,95,85,55,65,70,460,3,Fast,800000,1,45,0,0,1.2,154,106.9
339,Barboach,Water,Ground,"['Anticipation', 'Hydration', 'Oblivious']",50,48,43,46,41,60,288,3,Medium Fast,1000000,0,190,0,0,0.4,1.9,11.9
340,Whiscash,Water,Ground,"['Anticipation', 'Hydration', 'Oblivious']",110,78,73,76,71,60,468,3,Medium Fast,1000000,1,75,0,0,0.9,23.6,29.1
341,Corphish,Water,,"['Adaptability', 'Hyper Cutter', 'Shell Armor']",43,80,65,50,35,35,308,3,Fluctuating,1640000,0,205,0,0,0.6,11.5,31.9
342,Crawdaunt,Water,Dark,"['Adaptability', 'Hyper Cutter', 'Shell Armor']",63,120,85,90,55,55,468,3,Fluctuating,1640000,1,155,0,0,1.1,32.8,27.1
343,Baltoy,Ground,Psychic,['Levitate'],40,40,55,40,70,55,300,3,Medium Fast,1000000,0,255,0,0,0.5,21.5,86
344,Claydol,Ground,Psychic,['Levitate'],60,70,105,70,120,75,500,3,Medium Fast,1000000,1,90,0,0,1.5,108,48
345,Lileep,Rock,Grass,"['Storm Drain', 'Suction Cups']",66,41,77,61,87,23,355,3,Erratic,600000,0,45,0,0,1,23.8,23.8
346,Cradily,Rock,Grass,"['Storm Drain', 'Suction Cups']",86,81,97,81,107,43,495,3,Erratic,600000,1,45,0,0,1.5,60.4,26.8
347,Anorith,Rock,Bug,"['Battle Armor', 'Swift Swim']",45,95,50,40,50,75,355,3,Erratic,600000,0,45,0,0,0.7,12.5,25.5
348,Armaldo,Rock,Bug,"['Battle Armor', 'Swift Swim']",75,125,100,70,80,45,495,3,Erratic,600000,1,45,0,0,1.5,68.2,30.3
349,Feebas,Water,,"['Adaptability', 'Oblivious', 'Swift Swim']",20,15,20,10,55,80,200,3,Erratic,600000,0,255,0,0,0.6,7.4,20.6
350,Milotic,Water,,"['Competitive', 'Cute Charm', 'Marvel Scale']",95,60,79,100,125,81,540,3,Erratic,600000,1,60,0,0,6.2,162,4.2
351,Castform,Normal,,['Forecast'],70,70,70,70,70,70,420,3,Medium Fast,1000000,1,45,0,0,0.3,0.8,8.9
352,Kecleon,Normal,,"['Color Change', 'Protean']",60,90,70,60,120,40,440,3,Medium Slow,1059860,1,200,0,0,1,22,22
353,Shuppet,Ghost,,"['Cursed Body', 'Frisk', 'Insomnia']",44,75,35,63,33,45,295,3,Fast,800000,0,225,0,0,0.6,2.3,6.4
354,Banette,Ghost,,"['Cursed Body', 'Frisk', 'Insomnia']",64,115,65,83,63,65,455,3,Fast,800000,1,45,0,0,1.1,12.5,10.3
354,Mega Banette,Ghost,,['Prankster'],64,165,75,93,83,75,555,6,Fast,800000,1,45,0,1,1.2,13,9
355,Duskull,Ghost,,"['Frisk', 'Levitate']",20,40,90,30,90,25,295,3,Fast,800000,0,190,0,0,0.8,15,23.4
356,Dusclops,Ghost,,"['Frisk', 'Pressure']",40,70,130,60,130,25,455,3,Fast,800000,0,90,0,0,1.6,30.6,12
357,Tropius,Grass,Flying,"['Chlorophyll', 'Harvest', 'Solar Power']",99,68,83,72,87,51,460,3,Slow,1250000,1,200,0,0,2,100,25
358,Chimecho,Psychic,,['Levitate'],75,50,80,95,90,65,455,3,Fast,800000,1,45,0,0,0.6,1,2.8
359,Absol,Dark,,"['Justified', 'Pressure', 'Super Luck']",65,130,60,75,60,75,465,3,Medium Slow,1059860,1,30,0,0,1.2,47,32.6
359,Mega Absol,Dark,,['Magic Bounce'],65,150,60,115,60,115,565,6,Medium Slow,1059860,1,30,0,1,1.2,49,34
360,Wynaut,Psychic,,"['Shadow Tag', 'Telepathy']",95,23,48,23,48,23,260,3,Medium Fast,1000000,0,125,0,0,0.6,14,38.9
361,Snorunt,Ice,,"['Ice Body', 'Inner Focus', 'Moody']",50,50,50,50,50,50,300,3,Medium Fast,1000000,0,190,0,0,0.7,16.8,34.3
362,Glalie,Ice,,"['Ice Body', 'Inner Focus', 'Moody']",80,80,80,80,80,80,480,3,Medium Fast,1000000,1,75,0,0,1.5,256.5,114
362,Mega Glalie,Ice,,['Refrigerate'],80,120,80,120,80,100,580,6,Medium Fast,1000000,1,75,0,1,2.1,350.2,79.4
363,Spheal,Ice,Water,"['Ice Body', 'Oblivious', 'Thick Fat']",70,40,50,55,50,25,290,3,Medium Slow,1059860,0,255,0,0,0.8,39.5,61.7
364,Sealeo,Ice,Water,"['Ice Body', 'Oblivious', 'Thick Fat']",90,60,70,75,70,45,410,3,Medium Slow,1059860,0,120,0,0,1.1,87.6,72.4
365,Walrein,Ice,Water,"['Ice Body', 'Oblivious', 'Thick Fat']",110,80,90,95,90,65,530,3,Medium Slow,1059860,1,45,0,0,1.4,150.6,76.8
366,Clamperl,Water,,"['Rattled', 'Shell Armor']",35,64,85,74,55,32,345,3,Erratic,600000,0,255,0,0,0.4,52.5,328.1
367,Huntail,Water,,"['Swift Swim', 'Water Veil']",55,104,105,94,75,52,485,3,Erratic,600000,1,60,0,0,1.7,27,9.3
368,Gorebyss,Water,,"['Hydration', 'Swift Swim']",55,84,105,114,75,52,485,3,Erratic,600000,1,60,0,0,1.8,22.6,7
369,Relicanth,Water,Rock,"['Rock Head', 'Sturdy', 'Swift Swim']",100,90,130,45,65,55,485,3,Slow,1250000,1,25,0,0,1,23.4,23.4
370,Luvdisc,Water,,"['Hydration', 'Swift Swim']",43,30,55,40,65,97,330,3,Fast,800000,1,225,0,0,0.6,8.7,24.2
371,Bagon,Dragon,,"['Rock Head', 'Sheer Force']",45,75,60,40,30,50,300,3,Slow,1250000,0,45,0,0,0.6,42.1,116.9
372,Shelgon,Dragon,,"['Overcoat', 'Rock Head']",65,95,100,60,50,50,420,3,Slow,1250000,0,45,0,0,1.1,110.5,91.3
373,Salamence,Dragon,Flying,"['Intimidate', 'Moxie']",95,135,80,110,80,100,600,3,Slow,1250000,1,45,0,0,1.5,102.6,45.6
373,Mega Salamence,Dragon,Flying,['Aerilate'],95,145,130,120,90,120,700,6,Slow,1250000,1,45,0,1,1.8,112.6,34.8
374,Beldum,Steel,Psychic,"['Clear Body', 'Light Metal']",40,55,80,35,60,30,300,3,Slow,1250000,0,3,0,0,0.6,95.2,264.4
375,Metang,Steel,Psychic,"['Clear Body', 'Light Metal']",60,75,100,55,80,50,420,3,Slow,1250000,0,3,0,0,1.2,202.5,140.6
376,Metagross,Steel,Psychic,"['Clear Body', 'Light Metal']",80,135,130,95,90,70,600,3,Slow,1250000,1,3,0,0,1.6,550,214.8
376,Mega Metagross,Steel,Psychic,['Tough Claws'],80,145,150,105,110,110,700,6,Slow,1250000,1,3,0,1,2.5,942.9,150.9
377,Regirock,Rock,,"['Clear Body', 'Sturdy']",80,100,200,50,100,50,580,3,Slow,1250000,1,3,1,0,1.7,230,79.6
378,Regice,Ice,,"['Clear Body', 'Ice Body']",80,50,100,100,200,50,580,3,Slow,1250000,1,3,1,0,1.8,175,54
379,Registeel,Steel,,"['Clear Body', 'Light Metal']",80,75,150,75,150,50,580,3,Slow,1250000,1,3,1,0,1.9,205,56.8
380,Latias,Dragon,Psychic,['Levitate'],80,80,90,110,130,110,600,3,Slow,1250000,1,3,1,0,1.4,40,20.4
380,Mega Latias,Dragon,Psychic,['Levitate'],80,100,120,140,150,110,700,6,Slow,1250000,1,3,1,1,1.8,52,16
381,Latios,Dragon,Psychic,['Levitate'],80,90,80,130,110,110,600,3,Slow,1250000,1,3,1,0,2,60,15
381,Mega Latios,Dragon,Psychic,['Levitate'],80,130,100,160,120,110,700,6,Slow,1250000,1,3,1,1,2.3,70,13.2
382,Kyogre,Water,,['Drizzle'],100,100,90,150,140,90,670,3,Slow,1250000,1,3,1,0,4.5,352,17.4
382,Primal Kyogre,Water,,['Primordial Sea'],100,150,90,180,160,90,770,6,Slow,1250000,1,3,1,1,9.8,430,4.5
383,Groudon,Ground,,['Drought'],100,150,140,100,90,90,670,3,Slow,1250000,1,3,1,0,3.5,950,77.6
383,Primal Groudon,Ground,Fire,['Desolate Land'],100,180,160,150,90,90,770,6,Slow,1250000,1,3,1,1,5,999.7,40
384,Rayquaza,Dragon,Flying,['Air Lock'],105,150,90,150,90,95,680,3,Slow,1250000,1,45,1,0,7,206.5,4.2
384,Mega Rayquaza,Dragon,Flying,['Delta Stream'],105,180,100,180,100,115,780,6,Slow,1250000,1,45,1,1,10.8,392,3.4
385,Jirachi,Steel,Psychic,['Serene Grace'],100,100,100,100,100,100,600,3,Slow,1250000,1,3,1,0,0.3,1.1,12.2
386,Deoxys Normal Form,Psychic,,['Pressure'],50,150,50,150,50,150,600,3,Slow,1250000,1,3,1,0,1.7,60.8,21
386,Deoxys Defense Form,Psychic,,['Pressure'],50,70,160,70,160,90,600,3,Slow,1250000,1,3,1,0,1.7,60.8,21
386,Deoxys Attack Form,Psychic,,['Pressure'],50,180,20,180,20,150,600,3,Slow,1250000,1,3,1,0,1.7,60.8,21
386,Deoxys Speed Form,Psychic,,['Pressure'],50,95,90,95,90,180,600,3,Slow,1250000,1,3,1,0,1.7,60.8,21
387,Turtwig,Grass,,"['Overgrow', 'Shell Armor']",55,68,64,45,55,31,318,4,Medium Slow,1059860,0,45,0,0,0.4,10.2,63.8
388,Grotle,Grass,,"['Overgrow', 'Shell Armor']",75,89,85,55,65,36,405,4,Medium Slow,1059860,0,45,0,0,1.1,97,80.2
389,Torterra,Grass,Ground,"['Overgrow', 'Shell Armor']",95,109,105,75,85,56,525,4,Medium Slow,1059860,1,45,0,0,2.2,310,64
390,Chimchar,Fire,,"['Blaze', 'Iron Fist']",44,58,44,58,44,61,309,4,Medium Slow,1059860,0,45,0,0,0.5,6.2,24.8
391,Monferno,Fire,Fighting,"['Blaze', 'Iron Fist']",64,78,52,78,52,81,405,4,Medium Slow,1059860,0,45,0,0,0.9,22,27.2
392,Infernape,Fire,Fighting,"['Blaze', 'Iron Fist']",76,104,71,104,71,108,534,4,Medium Slow,1059860,1,45,0,0,1.2,55,38.2
393,Piplup,Water,,"['Defiant', 'Torrent']",53,51,53,61,56,40,314,4,Medium Slow,1059860,0,45,0,0,0.4,5.2,32.5
394,Prinplup,Water,,"['Defiant', 'Torrent']",64,66,68,81,76,50,405,4,Medium Slow,1059860,0,45,0,0,0.8,23,35.9
395,Empoleon,Water,Steel,"['Defiant', 'Torrent']",84,86,88,111,101,60,530,4,Medium Slow,1059860,1,45,0,0,1.7,84.5,29.2
396,Starly,Normal,Flying,"['Keen Eye', 'Reckless']",40,55,30,30,30,60,245,4,Medium Slow,1059860,0,255,0,0,0.3,2,22.2
397,Staravia,Normal,Flying,"['Intimidate', 'Reckless']",55,75,50,40,40,80,340,4,Medium Slow,1059860,0,120,0,0,0.6,15.5,43.1
398,Staraptor,Normal,Flying,"['Intimidate', 'Reckless']",85,120,70,50,60,100,485,4,Medium Slow,1059860,1,45,0,0,1.2,24.9,17.3
399,Bidoof,Normal,,"['Moody', 'Simple', 'Unaware']",59,45,40,35,40,31,250,4,Medium Fast,1000000,0,255,0,0,0.5,20,80
400,Bibarel,Normal,Water,"['Moody', 'Simple', 'Unaware']",79,85,60,55,60,71,410,4,Medium Fast,1000000,1,127,0,0,1,31.5,31.5
401,Kricketot,Bug,,"['Run Away', 'Shed Skin']",37,25,41,25,41,25,194,4,Medium Slow,1059860,0,255,0,0,0.3,2.2,24.4
402,Kricketune,Bug,,"['Swarm', 'Technician']",77,85,51,55,51,65,384,4,Medium Slow,1059860,1,45,0,0,1,25.5,25.5
403,Shinx,Electric,,"['Guts', 'Intimidate', 'Rivalry']",45,65,34,40,34,45,263,4,Medium Slow,1059860,0,235,0,0,0.5,9.5,38
404,Luxio,Electric,,"['Guts', 'Intimidate', 'Rivalry']",60,85,49,60,49,60,363,4,Medium Slow,1059860,0,120,0,0,0.9,30.5,37.7
405,Luxray,Electric,,"['Guts', 'Intimidate', 'Rivalry']",80,120,79,95,79,70,523,4,Medium Slow,1059860,1,45,0,0,1.4,42,21.4
406,Budew,Grass,Poison,"['Leaf Guard', 'Natural Cure', 'Poison Point']",40,30,35,50,70,55,280,4,Medium Slow,1059860,0,255,0,0,0.2,1.2,30
407,Roserade,Grass,Poison,"['Natural Cure', 'Poison Point', 'Technician']",60,70,65,125,105,90,515,4,Medium Slow,1059860,1,75,0,0,0.9,14.5,17.9
408,Cranidos,Rock,,"['Mold Breaker', 'Sheer Force']",67,125,40,30,30,58,350,4,Erratic,600000,0,45,0,0,0.9,31.5,38.9
409,Rampardos,Rock,,"['Mold Breaker', 'Sheer Force']",97,165,60,65,50,58,495,4,Erratic,600000,1,45,0,0,1.6,102.5,40
410,Shieldon,Rock,Steel,"['Soundproof', 'Sturdy']",30,42,118,42,88,30,350,4,Erratic,600000,0,45,0,0,0.5,57,228
411,Bastiodon,Rock,Steel,"['Soundproof', 'Sturdy']",60,52,168,47,138,30,495,4,Erratic,600000,1,45,0,0,1.3,149.5,88.5
412,Burmy,Bug,,"['Overcoat', 'Shed Skin']",40,29,45,29,45,36,224,4,Medium Fast,1000000,0,120,0,0,0.2,3.4,85
413,Wormadam Plant Cloak,Bug,Grass,"['Anticipation', 'Overcoat']",60,59,85,79,105,36,424,4,Medium Fast,1000000,0,45,0,0,0.5,6.5,26
413,Wormadam Sandy Cloak,Bug,Ground,"['Anticipation', 'Overcoat']",60,79,105,59,85,36,424,4,Medium Fast,1000000,0,45,0,0,0.5,6.5,26
413,Wormadam Trash Cloak,Bug,Steel,"['Anticipation', 'Overcoat']",60,69,95,69,95,36,424,4,Medium Fast,1000000,0,45,0,0,0.5,6.5,26
414,Mothim,Bug,Flying,"['Swarm', 'Tinted Lens']",70,94,50,94,50,66,424,4,Medium Fast,1000000,1,45,0,0,0.9,23.3,28.8
415,Combee,Bug,Flying,"['Honey Gather', 'Hustle']",30,30,42,30,42,70,244,4,Medium Slow,1059860,0,120,0,0,0.3,5.5,61.1
416,Vespiquen,Bug,Flying,"['Pressure', 'Unnerve']",70,80,102,80,102,40,474,4,Medium Slow,1059860,1,45,0,0,1.2,38.5,26.7
417,Pachirisu,Electric,,"['Pickup', 'Run Away', 'Volt Absorb']",60,45,70,45,90,95,405,4,Medium Fast,1000000,1,200,0,0,0.4,3.9,24.4
418,Buizel,Water,,"['Swift Swim', 'Water Veil']",55,65,35,60,30,85,330,4,Medium Fast,1000000,0,190,0,0,0.7,29.5,60.2
419,Floatzel,Water,,"['Swift Swim', 'Water Veil']",85,105,55,85,50,115,495,4,Medium Fast,1000000,1,75,0,0,1.1,33.5,27.7
420,Cherubi,Grass,,['Chlorophyll'],45,35,45,62,53,35,275,4,Medium Fast,1000000,0,190,0,0,0.4,3.3,20.6
421,Cherrim,Grass,,['Flower Gift'],70,60,70,87,78,85,450,4,Medium Fast,1000000,1,75,0,0,0.5,9.3,37.2
422,Shellos,Water,,"['Sand Force', 'Sticky Hold', 'Storm Drain']",76,48,48,57,62,34,325,4,Medium Fast,1000000,0,190,0,0,0.3,6.3,70
423,Gastrodon,Water,Ground,"['Sand Force', 'Sticky Hold', 'Storm Drain']",111,83,68,92,82,39,475,4,Medium Fast,1000000,1,75,0,0,0.9,29.9,36.9
424,Ambipom,Normal,,"['Pickup', 'Skill Link', 'Technician']",75,100,66,60,66,115,482,4,Fast,800000,1,45,0,0,1.2,20.3,14.1
425,Drifloon,Ghost,Flying,"['Aftermath', 'Flare Boost', 'Unburden']",90,50,34,60,44,70,348,4,Fluctuating,1640000,0,125,0,0,0.4,1.2,7.5
426,Drifblim,Ghost,Flying,"['Aftermath', 'Flare Boost', 'Unburden']",150,80,44,90,54,80,498,4,Fluctuating,1640000,1,60,0,0,1.2,15,10.4
427,Buneary,Normal,,"['Klutz', 'Limber', 'Run Away']",55,66,44,44,56,85,350,4,Medium Fast,1000000,0,190,0,0,0.4,5.5,34.4
428,Lopunny,Normal,,"['Cute Charm', 'Klutz', 'Limber']",65,76,84,54,96,105,480,4,Medium Fast,1000000,1,60,0,0,1.2,33.3,23.1
428,Mega Lopunny,Normal,Fighting,['Scrappy'],65,136,94,54,96,135,580,6,Medium Fast,1000000,1,60,0,1,1.3,28.3,16.7
429,Mismagius,Ghost,,['Levitate'],60,60,60,105,105,105,495,4,Fast,800000,1,45,0,0,0.9,4.4,5.4
430,Honchkrow,Dark,Flying,"['Insomnia', 'Moxie', 'Super Luck']",100,125,52,105,52,71,505,4,Medium Slow,1059860,1,30,0,0,0.9,27.3,33.7
431,Glameow,Normal,,"['Keen Eye', 'Limber', 'Own Tempo']",49,55,42,42,37,85,310,4,Fast,800000,0,190,0,0,0.5,3.9,15.6
432,Purugly,Normal,,"['Defiant', 'Own Tempo', 'Thick Fat']",71,82,64,64,59,112,452,4,Fast,800000,1,75,0,0,1,43.8,43.8
433,Chingling,Psychic,,['Levitate'],45,30,50,65,50,45,285,4,Fast,800000,0,120,0,0,0.2,0.6,15
434,Stunky,Poison,Dark,"['Aftermath', 'Keen Eye', 'Stench']",63,63,47,41,41,74,329,4,Medium Fast,1000000,0,225,0,0,0.4,19.2,120
435,Skuntank,Poison,Dark,"['Aftermath', 'Keen Eye', 'Stench']",103,93,67,71,61,84,479,4,Medium Fast,1000000,1,60,0,0,1,38,38
436,Bronzor,Steel,Psychic,"['Heatproof', 'Heavy Metal', 'Levitate']",57,24,86,24,86,23,300,4,Medium Fast,1000000,0,255,0,0,0.5,60.5,242
437,Bronzong,Steel,Psychic,"['Heatproof', 'Heavy Metal', 'Levitate']",67,89,116,79,116,33,500,4,Medium Fast,1000000,1,90,0,0,1.3,187,110.7
438,Bonsly,Rock,,"['Rattled', 'Rock Head', 'Sturdy']",50,80,95,10,45,10,290,4,Medium Fast,1000000,0,255,0,0,0.5,15,60
439,Mime Jr.,Psychic,Fairy,"['Filter', 'Soundproof', 'Technician']",20,25,45,70,90,60,310,4,Medium Fast,1000000,0,145,0,0,0.6,13,36.1
440,Happiny,Normal,,"['Friend Guard', 'Natural Cure', 'Serene Grace']",100,5,5,15,65,30,220,4,Fast,800000,0,130,0,0,0.6,24.4,67.8
441,Chatot,Normal,Flying,"['Big Pecks', 'Keen Eye', 'Tangled Feet']",76,65,45,92,42,91,411,4,Medium Slow,1059860,1,30,0,0,0.5,1.9,7.6
442,Spiritomb,Ghost,Dark,"['Infiltrator', 'Pressure']",50,92,108,92,108,35,485,4,Medium Fast,1000000,1,100,0,0,1,108,108
443,Gible,Dragon,Ground,"['Rough Skin', 'Sand Veil']",58,70,45,40,45,42,300,4,Slow,1250000,0,45,0,0,0.7,20.5,41.8
444,Gabite,Dragon,Ground,"['Rough Skin', 'Sand Veil']",68,90,65,50,55,82,410,4,Slow,1250000,0,45,0,0,1.4,56,28.6
445,Garchomp,Dragon,Ground,"['Rough Skin', 'Sand Veil']",108,130,95,80,85,102,600,4,Slow,1250000,1,45,0,0,1.9,95,26.3
445,Mega Garchomp,Dragon,Ground,['Sand Force'],108,170,115,120,95,92,700,6,Slow,1250000,1,45,0,1,1.9,95,26.3
446,Munchlax,Normal,,"['Gluttony', 'Pickup', 'Thick Fat']",135,85,40,40,85,5,390,4,Slow,1250000,0,50,0,0,0.6,105,291.7
447,Riolu,Fighting,,"['Inner Focus', 'Prankster', 'Steadfast']",40,70,40,35,40,60,285,4,Medium Slow,1059860,0,75,0,0,0.7,20.2,41.2
448,Lucario,Fighting,Steel,"['Inner Focus', 'Justified', 'Steadfast']",70,110,70,115,70,90,525,4,Medium Slow,1059860,1,45,0,0,1.2,54,37.5
448,Mega Lucario,Fighting,Steel,['Adaptability'],70,145,88,140,70,112,625,6,Medium Slow,1059860,1,45,0,1,1.3,57.5,34
449,Hippopotas,Ground,,"['Sand Force', 'Sand Stream']",68,72,78,38,42,32,330,4,Slow,1250000,0,140,0,0,0.8,49.5,77.3
450,Hippowdon,Ground,,"['Sand Force', 'Sand Stream']",108,112,118,68,72,47,525,4,Slow,1250000,1,60,0,0,2,300,75
451,Skorupi,Poison,Bug,"['Battle Armor', 'Keen Eye', 'Sniper']",40,50,90,30,55,65,330,4,Slow,1250000,0,120,0,0,0.8,12,18.8
452,Drapion,Poison,Dark,"['Battle Armor', 'Keen Eye', 'Sniper']",70,90,110,60,75,95,500,4,Slow,1250000,1,45,0,0,1.3,61.5,36.4
453,Croagunk,Poison,Fighting,"['Anticipation', 'Dry Skin', 'Poison Touch']",48,61,40,61,40,50,300,4,Medium Fast,1000000,0,140,0,0,0.7,23,46.9
454,Toxicroak,Poison,Fighting,"['Anticipation', 'Dry Skin', 'Poison Touch']",83,106,65,86,65,85,490,4,Medium Fast,1000000,1,75,0,0,1.3,44.4,26.3
455,Carnivine,Grass,,['Levitate'],74,100,72,90,72,46,454,4,Slow,1250000,1,200,0,0,1.4,27,13.8
456,Finneon,Water,,"['Storm Drain', 'Swift Swim', 'Water Veil']",49,49,56,49,61,66,330,4,Erratic,600000,0,190,0,0,0.4,7,43.8
457,Lumineon,Water,,"['Storm Drain', 'Swift Swim', 'Water Veil']",69,69,76,69,86,91,460,4,Erratic,600000,1,75,0,0,1.2,24,16.7
458,Mantyke,Water,Flying,"['Swift Swim', 'Water Absorb', 'Water Veil']",45,20,50,60,120,50,345,4,Slow,1250000,0,25,0,0,1,65,65
459,Snover,Grass,Ice,"['Snow Warning', 'Soundproof']",60,62,50,62,60,40,334,4,Slow,1250000,0,120,0,0,1,50.5,50.5
460,Abomasnow,Grass,Ice,"['Snow Warning', 'Soundproof']",90,92,75,92,85,60,494,4,Slow,1250000,1,60,0,0,2.2,135.5,28
460,Mega Abomasnow,Grass,Ice,['Snow Warning'],90,132,105,132,105,30,594,6,Slow,1250000,1,60,0,1,2.7,185,25.4
461,Weavile,Dark,Ice,"['Pickpocket', 'Pressure']",70,120,65,45,85,125,510,4,Medium Slow,1059860,1,45,0,0,1.1,34,28.1
462,Magnezone,Electric,Steel,"['Analytic', 'Magnet Pull', 'Sturdy']",70,70,115,130,90,60,535,4,Medium Fast,1000000,1,30,0,0,1.2,180,125
463,Lickilicky,Normal,,"['Cloud Nine', 'Oblivious', 'Own Tempo']",110,85,95,80,95,50,515,4,Medium Fast,1000000,1,30,0,0,1.7,140,48.4
464,Rhyperior,Ground,Rock,"['Lightning Rod', 'Reckless', 'Solid Rock']",115,140,130,55,55,40,535,4,Slow,1250000,1,30,0,0,2.4,282.8,49.1
465,Tangrowth,Grass,,"['Chlorophyll', 'Leaf Guard', 'Regenerator']",100,100,125,110,50,50,535,4,Medium Fast,1000000,1,30,0,0,2,128.6,32.2
466,Electivire,Electric,,"['Motor Drive', 'Vital Spirit']",75,123,67,95,85,95,540,4,Medium Fast,1000000,1,30,0,0,1.8,138.6,42.8
467,Magmortar,Fire,,"['Flame Body', 'Vital Spirit']",75,95,67,125,95,83,540,4,Medium Fast,1000000,1,30,0,0,1.6,68,26.6
468,Togekiss,Fairy,Flying,"['Hustle', 'Serene Grace', 'Super Luck']",85,50,95,120,115,80,545,4,Fast,800000,1,30,0,0,1.5,38,16.9
469,Yanmega,Bug,Flying,"['Frisk', 'Speed Boost', 'Tinted Lens']",86,76,86,116,56,95,515,4,Medium Fast,1000000,1,30,0,0,1.9,51.5,14.3
470,Leafeon,Grass,,"['Chlorophyll', 'Leaf Guard']",65,110,130,60,65,95,525,4,Medium Fast,1000000,1,45,0,0,1,25.5,25.5
471,Glaceon,Ice,,"['Ice Body', 'Snow Cloak']",65,60,110,130,95,65,525,4,Medium Fast,1000000,1,45,0,0,0.8,25.9,40.5
472,Gliscor,Ground,Flying,"['Hyper Cutter', 'Poison Heal', 'Sand Veil']",75,95,125,45,75,95,510,4,Medium Slow,1059860,1,30,0,0,2,42.5,10.6
473,Mamoswine,Ice,Ground,"['Oblivious', 'Snow Cloak', 'Thick Fat']",110,130,80,70,60,80,530,4,Slow,1250000,1,50,0,0,2.5,291,46.6
474,Porygon-Z,Normal,,"['Adaptability', 'Analytic', 'Download']",85,80,70,135,75,90,535,4,Medium Fast,1000000,1,30,0,0,0.9,34,42
475,Gallade,Psychic,Fighting,"['Justified', 'Steadfast']",68,125,65,65,115,80,518,4,Slow,1250000,1,45,0,0,1.6,52,20.3
475,Mega Gallade,Psychic,Fighting,['Inner Focus'],68,165,95,65,115,110,618,6,Slow,1250000,1,45,0,1,1.6,56.4,22
476,Probopass,Rock,Steel,"['Magnet Pull', 'Sand Force', 'Sturdy']",60,55,145,75,150,40,525,4,Medium Fast,1000000,1,60,0,0,1.4,340,173.5
477,Dusknoir,Ghost,,"['Frisk', 'Pressure']",45,100,135,65,135,45,525,4,Fast,800000,1,45,0,0,2.2,106.6,22
478,Froslass,Ice,Ghost,"['Cursed Body', 'Snow Cloak']",70,80,70,80,70,110,480,4,Medium Fast,1000000,1,75,0,0,1.3,26.6,15.7
479,Rotom,Electric,Ghost,['Levitate'],50,50,77,95,77,91,440,4,Medium Fast,1000000,1,45,0,0,0.3,0.3,3.3
479,Rotom-Wash,Electric,Water,['Levitate'],50,65,107,105,107,86,520,4,Medium Fast,1000000,1,45,0,0,0.3,0.3,3.3
479,Rotom-Heat,Electric,Fire,['Levitate'],50,65,107,105,107,86,520,4,Medium Fast,1000000,1,45,0,0,0.3,0.3,3.3
479,Rotom-Mow,Electric,Grass,['Levitate'],50,65,107,105,107,86,520,4,Medium Fast,1000000,1,45,0,0,0.3,0.3,3.3
479,Rotom-Frost,Electric,Ice,['Levitate'],50,65,107,105,107,86,520,4,Medium Fast,1000000,1,45,0,0,0.3,0.3,3.3
479,Rotom-Fan,Electric,Flying,['Levitate'],50,65,107,105,107,86,520,4,Medium Fast,1000000,1,45,0,0,0.3,0.3,3.3
480,Uxie,Psychic,,['Levitate'],75,75,130,75,130,95,580,4,Slow,1250000,1,3,1,0,0.3,0.3,3.3
481,Mesprit,Psychic,,['Levitate'],80,105,105,105,105,80,580,4,Slow,1250000,1,3,1,0,0.3,0.3,3.3
482,Azelf,Psychic,,['Levitate'],75,125,70,125,70,115,580,4,Slow,1250000,1,3,1,0,0.3,0.3,3.3
483,Dialga,Steel,Dragon,"['Pressure', 'Telepathy']",100,120,120,150,100,90,680,4,Slow,1250000,1,3,1,0,5.4,683,23.4
484,Palkia,Water,Dragon,"['Pressure', 'Telepathy']",90,120,100,150,120,100,680,4,Slow,1250000,1,3,1,0,4.2,336,19
485,Heatran,Fire,Steel,"['Flame Body', 'Flash Fire']",91,90,106,130,106,77,600,4,Slow,1250000,1,3,1,0,1.7,430,148.8
486,Regigigas,Normal,,['Slow Start'],110,160,110,80,110,100,670,4,Slow,1250000,1,3,1,0,3.7,420,30.7
487,Giratina,Ghost,Dragon,"['Pressure', 'Telepathy']",150,100,120,100,120,90,680,4,Slow,1250000,1,3,1,0,4.5,750,37
487,Giratina-Origin,Dragon,Ghost,['Pressure'],150,120,100,120,100,90,680,4,Slow,1250000,1,3,1,0,6.9,650,13.7
488,Cresselia,Psychic,,['Levitate'],120,70,120,75,130,85,600,4,Slow,1250000,1,3,1,0,1.5,85.6,38
489,Phione,Water,,['Hydration'],80,80,80,80,80,80,480,4,Slow,1250000,1,30,1,0,0.4,3.1,19.4
490,Manaphy,Water,,['Hydration'],100,100,100,100,100,100,600,4,Slow,1250000,1,3,1,0,0.3,1.4,15.6
491,Darkrai,Dark,,['Bad Dreams'],70,90,90,135,90,125,600,4,Slow,1250000,1,3,1,0,1.5,50.5,22.4
492,Shaymin,Grass,,['Natural Cure'],100,100,100,100,100,100,600,4,Medium Slow,1059860,1,45,1,0,0.2,2.1,52.5
492,Shaymin-Sky,Grass,Flying,['Serene Grace'],100,103,75,120,75,127,600,4,Medium Slow,1059860,1,45,1,0,0.4,5.2,32.5
493,Arceus,Normal,,['Multitype'],120,120,120,120,120,120,720,4,Slow,1250000,1,3,1,0,3.2,320,31.3
494,Victini,Psychic,Fire,['Victory Star'],100,100,100,100,100,100,600,5,Slow,1250000,1,3,1,0,0.4,4,25
495,Snivy,Grass,,"['Contrary', 'Overgrow']",45,45,55,45,55,63,308,5,Medium Slow,1059860,0,45,0,0,0.6,8.1,22.5
496,Servine,Grass,,"['Contrary', 'Overgrow']",60,60,75,60,75,83,413,5,Medium Slow,1059860,0,45,0,0,0.8,16,25
497,Serperior,Grass,,"['Contrary', 'Overgrow']",75,75,95,75,95,113,528,5,Medium Slow,1059860,1,45,0,0,3.3,63,5.8
498,Tepig,Fire,,"['Blaze', 'Thick Fat']",65,63,45,45,45,45,308,5,Medium Slow,1059860,0,45,0,0,0.5,9.9,39.6
499,Pignite,Fire,Fighting,"['Blaze', 'Thick Fat']",90,93,55,70,55,55,418,5,Medium Slow,1059860,0,45,0,0,1,55.5,55.5
500,Emboar,Fire,Fighting,"['Blaze', 'Reckless']",110,123,65,100,65,65,528,5,Medium Slow,1059860,1,45,0,0,1.6,150,58.6
